,,,,,,,
,,,,,,,
Customer_Segment,COUNTA of Customer Id,AVERAGE of SUM of Total_Value,AVERAGE of M_Score,SUM of SUM of Total_Value,,,
At Risk,220,71.31,3.354545455,"15,687.64",,,
Champion,246,195.58,4.321138211,"48,111.68",,,
Lost,767,26.07,2.237288136,"19,996.26",,,
Loyal,693,327.66,3.694524496,"227,398.28",,,
New Customer,302,32.60,2.440397351,"9,846.69",,,
Potential,244,26.30,2.31147541,"6,416.51",,,
Grand Total,2472,132.41,2.985038415,"327,457.06",,,
,,,,,,,
,,,,,,,
,,,,,,,
,,,,,,,
,,,,,,,
Customer ID,SUM of Total_Value,COUNTUNIQUE of Invoice,MAX of transaction_date,,,,
12347,78.38,2,22/11/2010,,,,
12351,10.50,1,22/06/2010,,,,
12353,19.80,1,16/06/2010,,,,
12356,39.95,2,22/01/2010,,,,
12357,385.56,1,04/11/2010,,,,
12358,84.60,2,03/08/2010,,,,
12359,12.75,1,15/10/2010,,,,
12360,12.60,1,10/03/2010,,,,
12371,142.40,2,15/09/2010,,,,
12374,23.40,1,13/12/2009,,,,
12377,30.00,1,03/10/2010,,,,
12378,55.45,1,04/10/2010,,,,
12379,10.00,1,28/05/2010,,,,
12380,183.70,2,05/10/2010,,,,
12385,59.80,1,19/05/2010,,,,
12388,10.08,1,25/06/2010,,,,
12389,28.44,2,10/03/2010,,,,
12391,15.70,2,22/11/2010,,,,
12393,31.50,2,03/03/2010,,,,
12395,25.50,1,28/04/2010,,,,
12396,13.20,1,19/08/2010,,,,
12399,10.20,1,05/11/2010,,,,
12402,34.80,1,02/11/2010,,,,
12408,18.95,2,03/10/2010,,,,
12409,290.70,2,10/10/2010,,,,
12412,20.16,1,25/06/2010,,,,
12414,130.00,1,16/12/2009,,,,
12415,449.07,2,01/07/2010,,,,
12416,6.60,1,21/10/2010,,,,
12417,87.20,3,02/11/2010,,,,
12418,35.40,1,29/04/2010,,,,
12419,12.60,1,20/09/2010,,,,
12421,11.70,1,08/01/2010,,,,
12422,-387.70,2,19/11/2010,,,,
12423,27.00,1,05/03/2010,,,,
12425,48.30,1,21/09/2010,,,,
12426,25.20,1,23/11/2010,,,,
12429,85.00,2,24/10/2010,,,,
12431,12.60,1,17/06/2010,,,,
12433,221.40,4,15/11/2010,,,,
12435,310.68,2,25/10/2010,,,,
12437,102.24,3,28/11/2010,,,,
12439,-5.70,2,30/03/2010,,,,
12440,13.60,1,29/07/2010,,,,
12449,226.44,1,01/03/2010,,,,
12450,29.10,2,26/11/2010,,,,
12454,"-1,153.20",1,17/06/2010,,,,
12455,232.25,2,06/05/2010,,,,
12459,22.50,1,25/02/2010,,,,
12468,101.88,1,26/10/2010,,,,
12469,55.50,1,10/10/2010,,,,
12471,288.51,14,26/11/2010,,,,
12472,187.69,7,09/12/2010,,,TOP 5 BEST-SELLING PRODUCTS,
12474,41.98,3,20/09/2010,,,product_name,SUM of quantity
12475,19.50,1,28/11/2010,,,PACK OF 12 WOODLAND TISSUES,"4,485"
12476,130.05,4,16/11/2010,,,GIRLS ALPHABET IRON ON PATCHES,"1,440"
12477,118.76,3,06/12/2010,,,ASSORTED COLOUR BIRD ORNAMENT,"1,304"
12480,12.50,1,17/12/2009,,,SMALL CHINESE STYLE SCISSOR,"1,100"
12481,200.40,2,19/01/2010,,,PACK OF 72 SKULL CAKE CASES,925
12482,378.52,4,20/07/2010,,,,
12483,39.60,1,05/01/2010,,,,
12485,25.20,1,10/12/2009,,,,
12486,30.00,1,18/02/2010,,,,
12490,50.50,3,19/09/2010,,,,
12494,15.00,1,09/02/2010,,,HIGH RETURN RISK,
12497,369.20,1,23/11/2010,,,product_name,SUM of quantity
12499,15.30,1,11/11/2010,,,COLOUR GLASS. STAR T-LIGHT HOLDER,"-1,124"
12504,52.80,1,05/09/2010,,,LOVE GARLAND PAINTED ZINC,-564
12510,34.54,2,29/08/2010,,,FIRST CLASS HOLIDAY PURSE,-300
12511,68.40,1,01/12/2010,,,SILVER DIAMANTE PEN IN GIFT BOX,-87
12523,14.85,1,29/07/2010,,,BEACH HUT PHOTO FRAME,-40
12525,14.85,1,16/08/2010,,,,
12529,12.60,1,18/10/2010,,,,
12530,38.25,2,07/12/2010,,,,
12531,23.70,1,17/05/2010,,,,
12533,58.20,2,22/11/2010,,,,
12537,35.40,1,04/11/2010,,,,
12538,52.20,1,11/05/2010,,,,
12539,30.00,2,19/04/2010,,,,
12540,99.00,2,05/12/2010,,,,
12543,187.40,1,09/12/2010,,,,
12549,4.62,1,01/11/2010,,,,
12553,23.40,1,22/07/2010,,,,
12567,71.51,3,06/12/2010,,,,
12573,29.62,3,17/11/2010,,,,
12577,16.80,1,12/05/2010,,,,
12578,50.40,1,22/11/2010,,,,
12580,11.70,1,17/02/2010,,,,
12582,26.12,2,28/09/2010,,,,
12583,307.00,5,29/10/2010,,,,
12586,10.20,1,21/03/2010,,,,
12589,109.20,4,17/11/2010,,,,
12591,33.30,1,09/11/2010,,,,
12592,10.20,1,28/10/2010,,,,
12594,72.00,1,15/06/2010,,,,
12595,30.00,1,25/11/2010,,,,
12598,54.00,1,19/08/2010,,,,
12599,10.00,1,30/09/2010,,,,
12600,129.90,2,24/11/2010,,,,
12605,19.50,1,15/11/2010,,,,
12609,30.30,2,16/11/2010,,,,
12613,-29.85,1,31/10/2010,,,,
12615,8.50,1,30/09/2010,,,,
12621,157.70,4,26/09/2010,,,,
12623,160.79,2,28/11/2010,,,,
12625,48.00,2,02/12/2010,,,,
12631,11.70,1,07/06/2010,,,,
12632,39.60,1,20/05/2010,,,,
12633,47.70,3,15/11/2010,,,,
12635,43.20,2,08/11/2010,,,,
12637,94.25,2,25/07/2010,,,,
12639,30.00,1,25/08/2010,,,,
12644,52.80,2,13/07/2010,,,,
12645,52.20,2,12/10/2010,,,,
12647,600.45,5,22/10/2010,,,,
12649,34.00,2,24/05/2010,,,,
12651,10.20,1,24/03/2010,,,,
12655,15.60,1,02/03/2010,,,,
12656,28.50,2,22/07/2010,,,,
12662,58.50,4,29/09/2010,,,,
12668,313.05,4,03/12/2010,,,,
12671,10.08,1,13/09/2010,,,,
12675,10.35,2,15/11/2010,,,,
12676,70.00,1,03/08/2010,,,,
12678,529.00,2,18/11/2010,,,,
12681,442.74,12,06/12/2010,,,,
12682,156.35,7,14/11/2010,,,,
12683,111.55,4,10/11/2010,,,,
12687,29.98,1,04/10/2010,,,,
12691,23.40,1,27/05/2010,,,,
12694,41.70,1,17/03/2010,,,,
12695,23.40,1,13/10/2010,,,,
12701,114.58,3,26/10/2010,,,,
12705,49.65,2,09/11/2010,,,,
12708,17.70,1,08/12/2009,,,,
12709,368.41,6,25/11/2010,,,,
12712,53.76,3,15/09/2010,,,,
12714,351.35,5,02/11/2010,,,,
12717,15.30,1,18/07/2010,,,,
12720,36.68,2,08/12/2010,,,,
12721,-5.85,1,15/04/2010,,,,
12724,19.90,1,18/03/2010,,,,
12726,20.16,1,16/07/2010,,,,
12727,40.68,2,10/11/2010,,,,
12730,17.00,1,31/01/2010,,,,
12731,78.60,2,01/12/2010,,,,
12733,60.15,3,02/11/2010,,,,
12742,10.20,1,24/02/2010,,,,
12744,63.90,2,25/11/2010,,,,
12746,12.75,1,11/01/2010,,,,
12747,76.94,3,30/07/2010,,,,
12748,364.90,35,01/12/2010,,,,
12749,120.95,3,25/10/2010,,,,
12751,2.10,1,02/09/2010,,,,
12755,0.40,2,08/06/2010,,,,
12758,88.80,2,12/07/2010,,,,
12759,157.23,5,26/10/2010,,,,
12760,15.00,1,01/02/2010,,,,
12766,70.50,2,18/11/2010,,,,
12767,16.80,1,16/12/2009,,,,
12770,207.36,1,14/06/2010,,,,
12778,31.85,2,03/10/2010,,,,
12779,50.76,2,28/06/2010,,,,
12782,87.90,2,25/10/2010,,,,
12784,15.00,1,16/09/2010,,,,
12785,22.55,1,21/11/2010,,,,
12787,15.00,1,09/09/2010,,,,
12792,30.00,1,30/06/2010,,,,
12793,8.50,1,04/05/2010,,,,
12798,69.12,1,12/04/2010,,,,
12801,23.40,1,01/12/2010,,,,
12806,17.00,1,02/12/2009,,,,
12808,17.70,1,08/02/2010,,,,
12811,16.50,1,24/10/2010,,,,
12813,30.00,1,27/09/2010,,,,
12820,28.20,2,27/09/2010,,,,
12823,381.00,1,18/12/2009,,,,
12826,17.70,1,17/12/2009,,,,
12829,9.95,1,17/10/2010,,,,
12831,25.50,1,21/06/2010,,,,
12835,189.63,14,30/11/2010,,,,
12836,56.70,4,12/07/2010,,,,
12837,27.05,1,29/09/2010,,,,
12838,22.70,3,09/12/2010,,,,
12839,144.73,5,05/12/2010,,,,
12840,14.85,1,11/08/2010,,,,
12841,50.92,4,11/11/2010,,,,
12842,70.80,1,25/10/2010,,,,
12848,17.90,1,03/11/2010,,,,
12849,69.85,3,01/12/2010,,,,
12851,2.50,1,01/03/2010,,,,
12853,27.90,1,02/08/2010,,,,
12854,53.30,4,23/11/2010,,,,
12855,11.80,1,13/07/2010,,,,
12859,6.50,1,13/12/2009,,,,
12862,15.95,2,06/12/2010,,,,
12863,72.00,1,25/02/2010,,,,
12865,40.20,1,30/11/2010,,,,
12867,61.89,4,07/12/2010,,,,
12870,-9.95,1,28/10/2010,,,,
12872,32.80,3,29/09/2010,,,,
12876,31.60,1,22/10/2010,,,,
12877,4.63,1,07/12/2010,,,,
12890,5.05,1,04/10/2010,,,,
12892,17.70,1,14/10/2010,,,,
12898,5.04,1,21/09/2010,,,,
12899,15.00,1,21/05/2010,,,,
12900,23.40,1,05/07/2010,,,,
12903,71.70,1,06/09/2010,,,,
12905,12.60,1,21/09/2010,,,,
12907,26.58,2,20/10/2010,,,,
12909,12.67,2,07/10/2010,,,,
12910,23.40,1,21/06/2010,,,,
12911,71.38,1,22/11/2010,,,,
12913,17.70,1,03/03/2010,,,,
12915,15.60,1,07/12/2010,,,,
12921,419.60,17,01/12/2010,,,,
12926,28.25,3,01/12/2010,,,,
12928,15.00,1,09/03/2010,,,,
12931,"1,772.00",2,19/04/2010,,,,
12932,101.76,1,17/02/2010,,,,
12933,1.45,1,31/01/2010,,,,
12937,16.50,1,07/06/2010,,,,
12941,9.12,1,20/09/2010,,,,
12943,12.60,1,28/02/2010,,,,
12945,17.70,1,13/01/2010,,,,
12949,153.28,6,30/11/2010,,,,
12951,9.40,2,01/11/2010,,,,
12953,31.98,1,08/12/2010,,,,
12956,27.90,2,27/04/2010,,,,
12957,30.42,1,03/09/2010,,,,
12960,9.90,1,28/05/2010,,,,
12963,51.00,3,12/11/2010,,,,
12970,40.20,3,11/10/2010,,,,
12971,255.30,4,10/08/2010,,,,
12972,10.08,1,20/04/2010,,,,
12975,45.00,2,07/11/2010,,,,
12976,61.50,3,28/11/2010,,,,
12978,122.35,4,07/11/2010,,,,
12980,102.30,2,24/09/2010,,,,
12982,22.95,3,01/12/2010,,,,
12983,16.50,1,11/11/2010,,,,
12986,-13.75,1,18/08/2010,,,,
12996,25.50,1,16/12/2009,,,,
12998,10.50,1,10/09/2010,,,,
13000,9.95,1,27/10/2010,,,,
13001,195.25,10,10/11/2010,,,,
13004,81.75,9,24/11/2010,,,,
13005,15.00,1,06/12/2010,,,,
13012,-1.68,1,23/02/2010,,,,
13013,224.95,8,30/09/2010,,,,
13014,61.90,1,03/12/2010,,,,
13015,50.60,3,03/12/2010,,,,
13018,37.71,1,09/06/2010,,,,
13019,20.40,1,11/02/2010,,,,
13021,63.60,3,19/11/2010,,,,
13023,17.70,1,17/10/2010,,,,
13029,15.30,1,23/03/2010,,,,
13030,20.25,1,13/09/2010,,,,
13031,72.88,2,07/12/2010,,,,
13032,5.10,1,05/02/2010,,,,
13037,6.80,1,13/08/2010,,,,
13042,3.35,4,07/12/2010,,,,
13044,38.35,4,08/12/2010,,,,
13047,153.78,3,27/09/2010,,,,
13048,16.50,1,07/05/2010,,,,
13050,69.22,5,19/11/2010,,,,
13052,37.70,3,30/11/2010,,,,
13055,6.96,1,08/06/2010,,,,
13057,1.95,1,27/04/2010,,,,
13059,44.50,3,28/06/2010,,,,
13065,41.00,2,29/07/2010,,,,
13067,11.80,1,26/09/2010,,,,
13069,297.93,8,16/11/2010,,,,
13073,37.60,2,01/07/2010,,,,
13077,116.86,2,02/12/2010,,,,
13078,590.04,9,06/12/2010,,,,
13081,500.12,16,03/12/2010,,,,
13082,15.00,1,07/12/2010,,,,
13085,60.60,1,18/06/2010,,,,
13086,7.50,1,29/11/2010,,,,
13087,23.80,1,10/12/2009,,,,
13089,"1,076.62",28,09/12/2010,,,,
13090,408.00,1,08/12/2009,,,,
13091,-29.40,3,28/10/2010,,,,
13093,"1,620.97",22,08/12/2010,,,,
13094,76.32,1,14/11/2010,,,,
13097,115.61,8,16/11/2010,,,,
13101,2.55,1,23/06/2010,,,,
13102,29.70,1,18/08/2010,,,,
13107,41.97,2,06/12/2010,,,,
13108,30.24,2,04/10/2010,,,,
13110,24.65,1,05/05/2010,,,,
13113,187.28,5,08/12/2010,,,,
13115,77.10,4,05/11/2010,,,,
13117,27.14,2,06/05/2010,,,,
13123,19.90,1,10/03/2010,,,,
13124,27.00,1,23/08/2010,,,,
13126,25.20,2,10/11/2010,,,,
13131,46.10,2,23/11/2010,,,,
13134,61.20,1,18/11/2010,,,,
13135,16.50,1,06/09/2010,,,,
13136,15.60,2,05/10/2010,,,,
13137,90.76,7,25/10/2010,,,,
13138,30.45,1,29/04/2010,,,,
13139,10.50,1,03/11/2010,,,,
13140,2.95,1,19/02/2010,,,,
13141,187.40,6,18/11/2010,,,,
13148,92.93,5,30/11/2010,,,,
13151,8.79,1,23/08/2010,,,,
13152,76.50,4,02/11/2010,,,,
13154,12.60,1,12/09/2010,,,,
13155,19.80,1,20/05/2010,,,,
13156,10.14,1,05/12/2010,,,,
13157,37.16,2,25/11/2010,,,,
13161,26.00,1,22/12/2009,,,,
13162,364.50,4,06/12/2010,,,,
13173,88.85,3,21/06/2010,,,,
13174,82.45,5,21/11/2010,,,,
13177,11.70,1,14/10/2010,,,,
13178,169.90,7,03/12/2010,,,,
13181,30.00,1,11/06/2010,,,,
13183,96.12,2,24/11/2010,,,,
13191,3.75,1,03/03/2010,,,,
13192,13.50,1,18/01/2010,,,,
13194,102.00,1,14/07/2010,,,,
13195,5.44,1,09/06/2010,,,,
13198,43.50,2,23/09/2010,,,,
13199,138.24,1,04/03/2010,,,,
13201,20.40,1,30/05/2010,,,,
13202,106.98,3,24/11/2010,,,,
13203,17.00,1,23/12/2009,,,,
13204,6.60,1,18/04/2010,,,,
13206,211.88,6,06/12/2010,,,,
13208,5.42,1,19/05/2010,,,,
13211,10.20,2,29/03/2010,,,,
13213,17.85,1,18/12/2009,,,,
13214,101.58,4,30/11/2010,,,,
13230,55.06,7,26/10/2010,,,,
13233,43.68,2,06/06/2010,,,,
13239,22.50,2,07/10/2010,,,,
13240,15.00,2,19/10/2010,,,,
13242,19.50,1,20/10/2010,,,,
13243,5.15,2,18/11/2010,,,,
13245,30.00,1,11/11/2010,,,,
13246,9.60,2,03/11/2010,,,,
13249,46.40,1,04/08/2010,,,,
13253,12.16,1,07/07/2010,,,,
13257,17.70,1,19/05/2010,,,,
13259,10.10,3,08/04/2010,,,,
13262,25.20,2,24/11/2010,,,,
13263,8.00,1,01/11/2010,,,,
13266,71.88,3,09/12/2010,,,,
13267,155.30,4,09/11/2010,,,,
13269,40.40,1,18/11/2010,,,,
13276,25.24,2,07/11/2010,,,,
13278,42.44,2,28/04/2010,,,,
13280,13.90,1,24/09/2010,,,,
13285,10.50,1,23/03/2010,,,,
13287,10.20,1,24/10/2010,,,,
13290,-208.63,1,26/09/2010,,,,
13291,142.35,5,10/11/2010,,,,
13293,13.52,1,01/12/2009,,,,
13295,12.75,1,05/07/2010,,,,
13304,34.50,1,11/10/2010,,,,
13305,13.20,1,02/11/2010,,,,
13309,26.58,1,28/11/2010,,,,
13310,10.08,1,18/03/2010,,,,
13313,-1.70,1,21/07/2010,,,,
13317,61.10,3,09/06/2010,,,,
13319,52.15,6,02/12/2010,,,,
13320,12.50,1,07/03/2010,,,,
13324,86.10,2,07/09/2010,,,,
13327,108.09,7,08/10/2010,,,,
13329,92.40,2,03/08/2010,,,,
13330,34.62,1,30/11/2010,,,,
13331,16.50,1,15/06/2010,,,,
13333,91.02,2,04/11/2010,,,,
13334,34.34,2,17/10/2010,,,,
13338,54.45,2,25/02/2010,,,,
13340,"1,382.40",3,04/11/2010,,,,
13357,52.90,3,05/12/2010,,,,
13360,12.60,1,04/03/2010,,,,
13361,63.50,1,07/12/2009,,,,
13362,32.00,1,22/06/2010,,,,
13363,8.95,1,13/01/2010,,,,
13370,25.50,1,04/10/2010,,,,
13371,82.65,2,31/10/2010,,,,
13373,160.65,2,24/11/2010,,,,
13374,66.80,1,24/11/2010,,,,
13375,252.00,1,10/02/2010,,,,
13377,59.40,1,01/08/2010,,,,
13381,63.21,2,04/11/2010,,,,
13382,19.80,1,05/12/2010,,,,
13384,15.00,1,07/10/2010,,,,
13387,2.10,1,06/04/2010,,,,
13392,10.20,1,07/06/2010,,,,
13393,-6.75,1,20/08/2010,,,,
13394,106.80,3,17/09/2010,,,,
13395,9.90,1,28/01/2010,,,,
13397,33.72,1,02/12/2010,,,,
13402,10.20,1,17/12/2009,,,,
13406,60.96,1,27/01/2010,,,,
13407,40.32,2,29/11/2010,,,,
13408,483.13,7,01/12/2010,,,,
13413,3.10,2,23/11/2010,,,,
13414,30.12,2,01/12/2010,,,,
13415,18.60,3,30/11/2010,,,,
13417,29.70,2,07/10/2010,,,,
13418,220.77,6,11/11/2010,,,,
13421,53.95,3,08/11/2010,,,,
13423,27.04,1,06/12/2010,,,,
13425,83.46,2,06/10/2010,,,,
13426,55.80,3,05/05/2010,,,,
13428,7.85,1,07/12/2010,,,,
13431,105.44,2,10/10/2010,,,,
13432,3.30,1,31/03/2010,,,,
13434,139.20,1,24/05/2010,,,,
13435,5.95,1,10/11/2010,,,,
13439,20.87,2,14/05/2010,,,,
13442,15.80,1,15/11/2010,,,,
13443,13.65,3,12/11/2010,,,,
13446,53.85,4,03/11/2010,,,,
13448,31.22,2,22/06/2010,,,,
13450,45.00,2,22/11/2010,,,,
13451,112.71,6,09/12/2010,,,,
13453,17.00,1,30/06/2010,,,,
13455,14.85,1,22/10/2010,,,,
13458,111.48,1,25/11/2010,,,,
13462,19.80,1,15/07/2010,,,,
13464,57.00,1,10/10/2010,,,,
13465,30.30,1,14/06/2010,,,,
13466,10.00,1,30/04/2010,,,,
13468,166.65,9,05/11/2010,,,,
13473,101.70,1,24/02/2010,,,,
13476,15.00,1,10/06/2010,,,,
13478,13.20,1,23/11/2010,,,,
13481,84.00,3,10/02/2010,,,,
13484,38.95,2,29/10/2010,,,,
13485,83.70,3,19/11/2010,,,,
13488,52.20,3,12/11/2010,,,,
13491,15.90,1,13/08/2010,,,,
13495,20.40,1,10/05/2010,,,,
13497,35.25,3,17/10/2010,,,,
13501,15.00,1,26/03/2010,,,,
13503,30.30,2,02/05/2010,,,,
13510,28.20,2,02/12/2009,,,,
13512,15.00,1,13/01/2010,,,,
13513,30.00,1,22/08/2010,,,,
13519,42.90,1,17/01/2010,,,,
13523,20.16,1,07/04/2010,,,,
13527,73.70,4,17/11/2010,,,,
13531,14.98,1,02/06/2010,,,,
13537,16.80,1,22/03/2010,,,,
13538,54.10,2,15/11/2010,,,,
13539,40.10,2,01/11/2010,,,,
13540,67.50,1,03/10/2010,,,,
13542,45.92,4,12/11/2010,,,,
13544,20.40,3,25/11/2010,,,,
13545,9.71,1,01/11/2010,,,,
13546,19.20,1,12/10/2010,,,,
13547,3.30,1,25/01/2010,,,,
13548,5.95,1,13/05/2010,,,,
13550,3.48,1,25/10/2010,,,,
13552,40.20,2,30/11/2010,,,,
13553,2.10,1,19/10/2010,,,,
13554,-4.45,3,29/11/2010,,,,
13555,74.65,3,26/10/2010,,,,
13557,25.20,2,09/07/2010,,,,
13561,26.85,4,19/11/2010,,,,
13562,19.50,1,22/12/2009,,,,
13564,311.06,17,09/12/2010,,,,
13566,2.79,1,27/04/2010,,,,
13567,50.80,2,12/11/2010,,,,
13569,23.45,3,06/12/2010,,,,
13571,44.69,5,09/11/2010,,,,
13574,6.30,1,10/05/2010,,,,
13576,81.36,1,16/03/2010,,,,
13577,14.98,1,21/09/2010,,,,
13579,59.55,3,03/12/2010,,,,
13582,15.00,1,21/09/2010,,,,
13583,34.50,1,20/08/2010,,,,
13584,2.90,1,27/04/2010,,,,
13585,53.64,1,04/11/2010,,,,
13590,136.05,5,30/11/2010,,,,
13593,120.30,4,14/10/2010,,,,
13598,19.57,1,01/11/2010,,,,
13599,17.70,1,01/11/2010,,,,
13600,2.95,1,26/08/2010,,,,
13601,9.60,1,25/08/2010,,,,
13602,15.00,1,15/11/2010,,,,
13604,97.50,1,27/10/2010,,,,
13605,25.20,1,04/12/2009,,,,
13608,3.30,1,15/06/2010,,,,
13610,17.60,4,02/09/2010,,,,
13611,22.50,1,09/02/2010,,,,
13613,13.50,1,06/10/2010,,,,
13614,34.20,2,29/11/2010,,,,
13615,114.05,6,02/07/2010,,,,
13619,5.00,1,02/11/2010,,,,
13622,13.50,1,09/09/2010,,,,
13623,86.35,3,11/11/2010,,,,
13624,17.70,1,02/08/2010,,,,
13627,17.70,1,16/11/2010,,,,
13632,20.40,1,04/12/2009,,,,
13634,115.21,4,28/11/2010,,,,
13642,1.25,1,19/11/2010,,,,
13643,31.85,2,09/12/2009,,,,
13646,1.95,1,19/10/2010,,,,
13648,22.50,1,19/08/2010,,,,
13649,11.80,1,07/03/2010,,,,
13650,15.00,1,17/10/2010,,,,
13654,21.00,1,29/10/2010,,,,
13655,16.80,1,29/10/2010,,,,
13658,49.46,2,08/12/2010,,,,
13659,87.90,3,19/11/2010,,,,
13661,14.85,1,07/02/2010,,,,
13662,48.10,3,19/08/2010,,,,
13663,28.60,2,09/02/2010,,,,
13665,19.80,1,22/03/2010,,,,
13668,74.03,5,25/11/2010,,,,
13677,15.25,1,06/12/2010,,,,
13680,154.90,5,09/11/2010,,,,
13684,-16.50,2,28/09/2010,,,,
13692,15.90,1,19/03/2010,,,,
13693,65.00,3,19/11/2010,,,,
13694,"3,357.70",18,02/12/2010,,,,
13696,35.40,1,14/11/2010,,,,
13700,3.30,1,19/03/2010,,,,
13703,-29.75,1,10/10/2010,,,,
13705,182.85,2,10/11/2010,,,,
13707,39.60,1,14/12/2009,,,,
13709,40.95,2,16/07/2010,,,,
13711,27.50,1,30/05/2010,,,,
13713,28.60,1,14/12/2009,,,,
13714,2.50,1,15/04/2010,,,,
13715,137.65,6,04/11/2010,,,,
13717,10.20,1,21/07/2010,,,,
13719,16.85,2,08/12/2010,,,,
13721,17.40,1,19/11/2010,,,,
13723,31.75,1,17/12/2009,,,,
13727,5.90,1,02/12/2010,,,,
13735,148.30,7,05/12/2010,,,,
13736,29.37,3,03/12/2010,,,,
13738,11.95,1,06/12/2010,,,,
13740,15.00,1,07/12/2009,,,,
13748,10.50,1,31/10/2010,,,,
13753,86.40,1,12/08/2010,,,,
13756,60.04,3,04/06/2010,,,,
13758,38.85,2,06/12/2010,,,,
13760,15.60,1,27/06/2010,,,,
13762,92.16,1,21/06/2010,,,,
13763,145.00,1,22/04/2010,,,,
13764,19.95,2,04/11/2010,,,,
13767,255.00,5,06/12/2010,,,,
13768,-30.75,2,09/12/2010,,,,
13769,15.00,1,17/03/2010,,,,
13770,11.90,1,25/11/2010,,,,
13771,81.15,3,08/11/2010,,,,
13772,16.65,4,14/11/2010,,,,
13775,1.25,1,07/11/2010,,,,
13777,398.92,6,30/06/2010,,,,
13780,42.15,1,13/04/2010,,,,
13781,16.50,1,11/08/2010,,,,
13782,31.95,3,07/10/2010,,,,
13786,45.00,1,27/04/2010,,,,
13787,22.95,2,21/09/2010,,,,
13789,29.88,1,11/08/2010,,,,
13797,40.14,2,08/12/2010,,,,
13798,"1,082.08",7,29/11/2010,,,,
13799,69.10,2,08/11/2010,,,,
13802,284.30,6,23/11/2010,,,,
13803,31.20,2,26/11/2010,,,,
13804,20.40,1,23/03/2010,,,,
13815,47.80,2,25/08/2010,,,,
13819,15.00,1,28/07/2010,,,,
13821,-16.95,2,13/05/2010,,,,
13823,81.60,3,06/12/2010,,,,
13824,13.68,1,05/10/2010,,,,
13831,11.55,2,24/10/2010,,,,
13832,2.95,1,31/03/2010,,,,
13834,15.00,1,07/11/2010,,,,
13835,-50.45,1,23/11/2010,,,,
13836,30.00,1,21/03/2010,,,,
13838,24.75,4,01/12/2010,,,,
13842,32.00,2,06/07/2010,,,,
13847,15.00,1,27/08/2010,,,,
13848,320.00,1,10/05/2010,,,,
13849,34.85,1,01/02/2010,,,,
13854,61.20,1,16/09/2010,,,,
13855,27.00,1,12/08/2010,,,,
13856,43.35,1,18/11/2010,,,,
13857,31.13,3,26/11/2010,,,,
13861,17.70,1,17/01/2010,,,,
13863,19.90,1,27/08/2010,,,,
13869,134.55,4,09/12/2010,,,,
13870,57.00,3,17/10/2010,,,,
13871,28.50,2,14/11/2010,,,,
13873,17.00,1,01/04/2010,,,,
13874,32.68,2,15/06/2010,,,,
13875,142.88,6,01/12/2010,,,,
13877,17.70,1,11/10/2010,,,,
13881,352.92,4,23/11/2010,,,,
13883,81.90,3,29/09/2010,,,,
13884,15.85,2,24/11/2010,,,,
13888,44.80,3,07/11/2010,,,,
13889,131.28,3,03/12/2010,,,,
13890,60.15,4,23/06/2010,,,,
13891,28.80,2,18/04/2010,,,,
13892,27.36,1,12/07/2010,,,,
13895,19.75,1,04/10/2010,,,,
13901,105.15,5,01/12/2010,,,,
13906,42.00,1,08/10/2010,,,,
13909,13.50,1,04/10/2010,,,,
13911,82.44,5,13/09/2010,,,,
13920,-2.20,2,20/09/2010,,,,
13921,37.05,2,04/11/2010,,,,
13922,50.40,1,07/05/2010,,,,
13929,37.50,1,19/09/2010,,,,
13931,119.60,3,24/11/2010,,,,
13935,30.00,1,30/11/2010,,,,
13936,15.00,1,17/10/2010,,,,
13937,12.50,1,15/10/2010,,,,
13939,10.86,2,08/11/2010,,,,
13941,145.35,2,05/11/2010,,,,
13944,7.65,1,08/02/2010,,,,
13945,5.04,1,19/03/2010,,,,
13946,2.10,1,31/10/2010,,,,
13952,208.72,5,06/12/2010,,,,
13958,183.62,4,23/11/2010,,,,
13961,30.00,1,03/08/2010,,,,
13963,71.40,5,10/11/2010,,,,
13965,17.40,1,08/08/2010,,,,
13969,89.45,5,22/11/2010,,,,
13971,39.40,2,18/10/2010,,,,
13975,63.34,5,23/11/2010,,,,
13979,48.71,3,21/11/2010,,,,
13982,58.44,3,24/11/2010,,,,
13983,172.20,6,06/12/2010,,,,
13985,66.00,1,19/08/2010,,,,
13987,6.96,1,13/08/2010,,,,
13989,5.04,1,04/12/2009,,,,
13993,77.70,3,28/10/2010,,,,
13995,110.55,3,26/11/2010,,,,
13996,23.40,1,31/08/2010,,,,
13999,56.25,4,07/12/2010,,,,
14000,102.00,1,04/05/2010,,,,
14004,60.00,1,03/12/2010,,,,
14006,15.00,1,22/01/2010,,,,
14008,15.00,1,20/09/2010,,,,
14011,10.20,1,05/10/2010,,,,
14013,-18.95,1,07/11/2010,,,,
14016,252.15,4,15/11/2010,,,,
14017,17.70,1,04/10/2010,,,,
14020,17.70,1,27/04/2010,,,,
14024,19.35,1,27/10/2010,,,,
14025,44.96,2,10/03/2010,,,,
14026,36.45,2,08/04/2010,,,,
14030,54.75,7,06/12/2010,,,,
14031,607.06,7,01/12/2010,,,,
14032,53.40,2,22/10/2010,,,,
14035,151.04,2,11/11/2010,,,,
14037,6.60,1,29/09/2010,,,,
14038,68.65,3,03/12/2010,,,,
14040,124.80,4,01/11/2010,,,,
14043,6.18,2,22/08/2010,,,,
14044,41.95,4,12/11/2010,,,,
14047,43.80,2,22/11/2010,,,,
14048,3.90,1,17/06/2010,,,,
14049,63.48,3,13/08/2010,,,,
14051,33.60,1,28/04/2010,,,,
14052,2.80,1,28/10/2010,,,,
14055,29.75,1,30/06/2010,,,,
14057,34.00,1,12/08/2010,,,,
14060,121.80,2,05/12/2010,,,,
14062,34.65,1,09/12/2010,,,,
14063,815.60,2,08/06/2010,,,,
14065,10.20,1,09/12/2010,,,,
14068,11.90,1,13/07/2010,,,,
14069,2.70,2,23/11/2010,,,,
14070,33.80,1,07/10/2010,,,,
14077,20.10,1,03/12/2010,,,,
14078,17.23,2,19/09/2010,,,,
14080,56.95,2,22/11/2010,,,,
14081,119.36,5,09/12/2010,,,,
14082,1.65,1,08/08/2010,,,,
14083,15.98,1,21/10/2010,,,,
14085,103.30,8,29/11/2010,,,,
14087,4.20,2,29/01/2010,,,,
14088,174.25,1,27/09/2010,,,,
14091,850.00,1,24/01/2010,,,,
14092,107.70,4,02/11/2010,,,,
14094,8.85,1,10/11/2010,,,,
14097,9.90,1,16/11/2010,,,,
14099,49.40,4,19/11/2010,,,,
14105,184.71,4,26/11/2010,,,,
14107,10.08,1,16/02/2010,,,,
14110,113.50,3,09/11/2010,,,,
14112,56.65,4,25/11/2010,,,,
14114,42.90,2,09/12/2010,,,,
14115,30.00,1,12/11/2010,,,,
14118,17.00,1,15/12/2009,,,,
14127,19.50,1,10/02/2010,,,,
14130,34.30,2,11/11/2010,,,,
14131,2.55,1,20/09/2010,,,,
14134,109.08,3,26/11/2010,,,,
14135,66.20,2,04/10/2010,,,,
14139,14.85,1,14/06/2010,,,,
14145,594.00,1,04/11/2010,,,,
14146,48.06,2,18/11/2010,,,,
14148,17.70,1,25/04/2010,,,,
14151,52.95,2,25/11/2010,,,,
14152,15.00,1,08/04/2010,,,,
14154,79.82,3,24/11/2010,,,,
14156,"2,009.13",31,30/11/2010,,,,
14157,1.90,1,18/06/2010,,,,
14159,41.85,5,28/11/2010,,,,
14160,235.00,2,10/10/2010,,,,
14161,20.90,2,05/08/2010,,,,
14166,1.95,1,03/12/2010,,,,
14167,19.85,3,25/08/2010,,,,
14169,18.32,2,18/05/2010,,,,
14170,6.75,2,14/11/2010,,,,
14175,129.45,5,01/12/2010,,,,
14176,17.70,1,18/08/2010,,,,
14177,37.12,4,11/11/2010,,,,
14180,49.95,1,23/11/2010,,,,
14181,19.40,2,13/07/2010,,,,
14182,7.50,1,04/12/2009,,,,
14183,17.85,1,08/11/2010,,,,
14186,16.60,2,25/11/2010,,,,
14189,62.60,1,18/11/2010,,,,
14193,15.90,1,19/07/2010,,,,
14194,105.45,4,22/11/2010,,,,
14201,30.00,1,14/10/2010,,,,
14204,16.05,3,07/10/2010,,,,
14205,44.70,3,18/11/2010,,,,
14206,10.20,1,03/12/2009,,,,
14208,17.70,1,08/01/2010,,,,
14209,69.25,4,23/11/2010,,,,
14210,70.74,5,28/09/2010,,,,
14211,6.75,2,15/06/2010,,,,
14215,15.30,1,24/11/2010,,,,
14217,46.25,3,29/11/2010,,,,
14219,14.75,1,11/06/2010,,,,
14224,6.80,1,29/04/2010,,,,
14225,-16.00,1,12/07/2010,,,,
14227,12.50,1,02/11/2010,,,,
14228,17.85,1,20/04/2010,,,,
14229,19.80,1,22/02/2010,,,,
14230,35.70,1,08/09/2010,,,,
14235,15.12,2,29/09/2010,,,,
14236,20.40,1,20/10/2010,,,,
14239,74.00,4,12/11/2010,,,,
14243,30.60,2,12/07/2010,,,,
14247,7.50,2,16/03/2010,,,,
14248,13.92,1,11/12/2009,,,,
14249,90.40,5,07/12/2010,,,,
14254,26.40,1,28/02/2010,,,,
14256,18.25,2,13/07/2010,,,,
14257,128.70,3,19/11/2010,,,,
14258,111.20,1,27/01/2010,,,,
14264,34.90,2,27/05/2010,,,,
14265,17.70,1,22/07/2010,,,,
14268,15.30,1,26/08/2010,,,,
14269,10.08,1,16/08/2010,,,,
14276,15.00,1,14/06/2010,,,,
14277,-52.60,5,15/11/2010,,,,
14282,408.00,4,28/09/2010,,,,
14283,84.24,4,20/10/2010,,,,
14284,27.00,1,02/12/2010,,,,
14285,35.40,1,04/11/2010,,,,
14286,80.70,1,30/11/2010,,,,
14290,30.00,1,24/06/2010,,,,
14291,101.85,4,07/10/2010,,,,
14292,68.25,3,24/10/2010,,,,
14293,210.10,4,24/11/2010,,,,
14294,17.00,1,01/07/2010,,,,
14295,17.70,1,01/12/2009,,,,
14296,13.20,1,29/09/2010,,,,
14298,995.26,14,05/12/2010,,,,
14299,220.02,4,01/11/2010,,,,
14301,73.20,2,17/09/2010,,,,
14302,15.00,1,25/11/2010,,,,
14304,17.70,1,20/04/2010,,,,
14306,151.20,1,19/09/2010,,,,
14309,10.08,2,24/11/2010,,,,
14312,21.54,1,14/11/2010,,,,
14320,17.70,1,31/08/2010,,,,
14321,17.70,1,23/02/2010,,,,
14324,5.04,1,26/08/2010,,,,
14325,15.00,1,01/03/2010,,,,
14326,12.75,1,06/04/2010,,,,
14327,15.00,1,20/10/2010,,,,
14329,111.24,4,08/12/2010,,,,
14330,19.50,1,04/11/2010,,,,
14332,23.60,1,14/07/2010,,,,
14334,12.50,1,01/09/2010,,,,
14338,19.80,1,26/11/2010,,,,
14341,45.50,3,06/12/2010,,,,
14342,12.50,1,11/06/2010,,,,
14343,15.45,2,01/12/2010,,,,
14344,6.60,1,31/08/2010,,,,
14346,39.22,1,28/06/2010,,,,
14347,8.50,1,22/07/2010,,,,
14355,35.40,2,08/11/2010,,,,
14375,14.45,1,09/09/2010,,,,
14378,12.60,1,28/04/2010,,,,
14381,37.62,1,05/12/2010,,,,
14388,57.15,3,18/11/2010,,,,
14390,30.05,2,29/11/2010,,,,
14391,7.80,1,22/10/2010,,,,
14394,15.00,1,29/11/2010,,,,
14395,81.10,3,25/11/2010,,,,
14396,41.05,3,07/11/2010,,,,
14398,5.90,1,27/04/2010,,,,
14399,9.90,1,15/11/2010,,,,
14400,82.80,1,08/04/2010,,,,
14401,18.24,2,19/04/2010,,,,
14404,67.70,2,05/12/2010,,,,
14409,32.40,2,01/10/2010,,,,
14410,73.10,2,16/11/2010,,,,
14413,0.84,1,24/11/2010,,,,
14415,154.14,7,05/12/2010,,,,
14419,7.50,1,15/11/2010,,,,
14420,17.00,1,30/09/2010,,,,
14422,74.65,3,21/04/2010,,,,
14423,244.80,1,10/08/2010,,,,
14426,107.60,3,29/09/2010,,,,
14431,35.70,2,08/04/2010,,,,
14433,2.95,1,07/12/2010,,,,
14439,158.70,2,27/09/2010,,,,
14440,260.70,2,12/11/2010,,,,
14441,29.25,1,19/11/2010,,,,
14442,25.50,1,29/03/2010,,,,
14443,30.00,1,17/11/2010,,,,
14444,6.76,1,25/06/2010,,,,
14445,18.75,1,15/11/2010,,,,
14446,8.25,1,19/04/2010,,,,
14447,56.10,1,22/11/2010,,,,
14449,25.45,3,24/10/2010,,,,
14451,87.85,7,08/12/2010,,,,
14452,24.15,2,13/08/2010,,,,
14454,32.05,2,06/12/2010,,,,
14458,6.80,1,18/01/2010,,,,
14459,79.60,1,18/11/2010,,,,
14460,60.00,1,24/08/2010,,,,
14461,15.80,3,08/11/2010,,,,
14465,93.00,1,02/07/2010,,,,
14466,50.70,2,14/11/2010,,,,
14467,44.25,5,27/10/2010,,,,
14469,32.70,2,18/01/2010,,,,
14470,9.90,1,25/05/2010,,,,
14471,12.60,1,04/11/2010,,,,
14472,5.45,1,28/11/2010,,,,
14474,4.20,1,24/11/2010,,,,
14478,11.60,2,05/08/2010,,,,
14481,25.70,2,05/10/2010,,,,
14482,1.70,1,26/11/2010,,,,
14487,6.75,1,28/11/2010,,,,
14489,8.50,1,25/11/2010,,,,
14490,41.10,2,09/11/2010,,,,
14492,37.75,1,12/10/2010,,,,
14493,185.20,5,06/10/2010,,,,
14496,132.75,3,14/11/2010,,,,
14497,17.00,1,20/10/2010,,,,
14498,64.19,2,10/11/2010,,,,
14505,131.88,6,09/11/2010,,,,
14506,55.70,2,29/11/2010,,,,
14507,70.95,3,09/12/2010,,,,
14508,1.25,1,26/04/2010,,,,
14510,45.00,1,31/03/2010,,,,
14512,46.50,1,21/11/2010,,,,
14514,132.90,4,08/12/2010,,,,
14515,47.70,1,29/11/2010,,,,
14516,3.80,1,15/10/2010,,,,
14522,29.50,1,31/03/2010,,,,
14524,7.56,1,01/04/2010,,,,
14525,61.25,3,03/12/2010,,,,
14526,4.95,1,20/04/2010,,,,
14527,239.54,30,06/12/2010,,,,
14530,63.35,7,15/11/2010,,,,
14532,111.75,4,09/11/2010,,,,
14534,48.85,2,05/07/2010,,,,
14535,76.95,4,06/12/2010,,,,
14540,71.15,4,03/12/2010,,,,
14541,14.50,1,11/07/2010,,,,
14543,105.70,4,31/08/2010,,,,
14544,21.30,1,31/08/2010,,,,
14545,10.50,1,16/12/2009,,,,
14546,61.00,4,06/12/2010,,,,
14548,10.90,1,18/10/2010,,,,
14549,2.95,1,12/05/2010,,,,
14550,24.90,1,22/07/2010,,,,
14551,1.65,1,26/05/2010,,,,
14552,10.12,2,12/10/2010,,,,
14553,13.71,3,05/12/2010,,,,
14555,21.25,1,25/04/2010,,,,
14556,45.55,3,24/10/2010,,,,
14562,42.90,3,22/11/2010,,,,
14564,55.80,3,14/11/2010,,,,
14565,39.60,1,06/12/2010,,,,
14566,165.00,1,07/12/2010,,,,
14568,0.00,2,24/11/2010,,,,
14572,64.00,3,01/09/2010,,,,
14573,10.15,3,24/11/2010,,,,
14574,20.40,1,17/05/2010,,,,
14575,9.25,1,23/09/2010,,,,
14577,10.35,3,02/06/2010,,,,
14579,1.26,1,07/03/2010,,,,
14581,4.20,1,19/11/2010,,,,
14583,39.63,3,14/11/2010,,,,
14588,7.50,1,02/07/2010,,,,
14590,55.50,6,02/12/2010,,,,
14593,7.28,3,15/11/2010,,,,
14594,8.50,1,02/11/2010,,,,
14595,8.70,1,01/12/2010,,,,
14597,41.48,2,15/11/2010,,,,
14598,-3.45,2,06/10/2010,,,,
14599,14.30,1,12/10/2010,,,,
14600,7.56,1,02/02/2010,,,,
14605,14.25,2,27/07/2010,,,,
14606,307.33,44,09/12/2010,,,,
14607,150.80,2,18/08/2010,,,,
14608,152.40,1,14/05/2010,,,,
14611,15.00,1,18/10/2010,,,,
14615,15.00,1,08/11/2010,,,,
14619,13.20,1,29/09/2010,,,,
14623,16.05,2,21/11/2010,,,,
14625,70.50,3,25/11/2010,,,,
14626,98.55,4,07/11/2010,,,,
14631,51.30,2,26/10/2010,,,,
14634,50.95,3,30/09/2010,,,,
14635,17.40,1,01/12/2009,,,,
14639,42.73,2,16/11/2010,,,,
14640,15.00,1,26/08/2010,,,,
14644,39.00,1,09/12/2009,,,,
14645,13.20,1,20/05/2010,,,,
14646,"4,055.62",20,06/12/2010,,,,
14648,241.59,7,09/11/2010,,,,
14649,50.00,4,29/11/2010,,,,
14651,28.75,3,31/10/2010,,,,
14653,25.45,3,26/10/2010,,,,
14656,15.65,1,27/09/2010,,,,
14657,6.30,1,04/11/2010,,,,
14665,5.10,1,09/05/2010,,,,
14667,200.45,11,06/12/2010,,,,
14669,43.21,3,05/12/2010,,,,
14670,14.05,1,17/05/2010,,,,
14671,18.75,1,17/10/2010,,,,
14673,49.20,1,26/11/2010,,,,
14675,4.20,1,12/05/2010,,,,
14676,175.80,1,08/06/2010,,,,
14679,17.40,1,06/12/2010,,,,
14680,989.16,15,05/12/2010,,,,
14681,29.50,1,28/05/2010,,,,
14682,57.08,3,02/12/2010,,,,
14683,14.64,1,27/09/2010,,,,
14684,1.95,1,29/03/2010,,,,
14685,205.88,3,09/11/2010,,,,
14686,12.10,2,24/11/2010,,,,
14687,81.12,1,28/06/2010,,,,
14688,25.10,2,05/10/2010,,,,
14690,13.52,1,24/02/2010,,,,
14693,18.70,3,22/11/2010,,,,
14695,15.00,1,11/01/2010,,,,
14699,25.20,1,25/08/2010,,,,
14700,47.70,1,15/03/2010,,,,
14701,19.17,3,08/12/2010,,,,
14702,44.89,6,16/07/2010,,,,
14708,50.04,2,07/11/2010,,,,
14709,49.35,1,24/11/2010,,,,
14710,15.10,3,08/11/2010,,,,
14713,5.90,1,27/10/2010,,,,
14714,2.50,1,21/10/2010,,,,
14715,4.95,1,09/06/2010,,,,
14716,7.65,1,17/12/2009,,,,
14722,5.00,2,13/09/2010,,,,
14723,51.50,4,12/10/2010,,,,
14724,1.70,1,22/10/2010,,,,
14727,7.80,1,29/03/2010,,,,
14729,1.30,1,07/07/2010,,,,
14732,18.75,1,09/09/2010,,,,
14733,30.60,1,28/09/2010,,,,
14734,104.87,2,14/11/2010,,,,
14735,22.50,1,10/01/2010,,,,
14736,32.27,2,15/11/2010,,,,
14737,306.00,1,01/11/2010,,,,
14739,217.50,4,01/11/2010,,,,
14740,76.40,3,09/12/2010,,,,
14741,17.70,1,02/11/2010,,,,
14742,19.80,1,12/02/2010,,,,
14744,212.79,5,06/12/2010,,,,
14748,-19.80,1,10/03/2010,,,,
14750,2.95,1,14/01/2010,,,,
14753,12.60,1,27/10/2010,,,,
14754,36.90,2,07/12/2010,,,,
14755,50.10,2,08/10/2010,,,,
14756,25.50,1,18/02/2010,,,,
14758,37.90,1,16/07/2010,,,,
14766,85.20,3,31/10/2010,,,,
14769,298.25,8,05/11/2010,,,,
14770,44.64,2,29/11/2010,,,,
14771,12.50,1,17/12/2009,,,,
14774,37.65,1,18/01/2010,,,,
14775,15.00,1,20/12/2009,,,,
14776,108.00,3,01/12/2010,,,,
14784,10.20,1,07/12/2009,,,,
14788,30.00,1,07/11/2010,,,,
14790,76.68,3,13/04/2010,,,,
14794,32.25,1,10/06/2010,,,,
14796,22.95,6,07/11/2010,,,,
14800,114.86,4,01/11/2010,,,,
14805,14.00,1,15/10/2010,,,,
14809,15.00,1,16/11/2010,,,,
14810,19.70,1,22/11/2010,,,,
14811,4.95,1,31/08/2010,,,,
14812,3.45,1,02/12/2010,,,,
14813,17.45,2,20/05/2010,,,,
14817,35.10,1,13/05/2010,,,,
14825,52.44,2,24/08/2010,,,,
14831,32.40,1,29/11/2010,,,,
14833,6.60,1,16/08/2010,,,,
14837,80.52,3,13/08/2010,,,,
14838,11.80,1,01/02/2010,,,,
14839,13.50,1,14/07/2010,,,,
14841,91.98,3,17/11/2010,,,,
14844,29.70,2,22/08/2010,,,,
14847,16.50,1,24/09/2010,,,,
14849,121.06,7,02/12/2010,,,,
14850,1.65,1,30/06/2010,,,,
14852,117.99,4,19/09/2010,,,,
14854,32.70,2,02/07/2010,,,,
14855,63.00,2,02/11/2010,,,,
14857,-3.15,3,07/09/2010,,,,
14858,15.60,1,24/05/2010,,,,
14861,7.50,2,25/10/2010,,,,
14866,122.40,1,16/07/2010,,,,
14867,17.70,1,20/04/2010,,,,
14868,25.00,1,10/05/2010,,,,
14869,40.20,2,12/02/2010,,,,
14870,62.90,2,28/11/2010,,,,
14871,18.05,2,07/12/2010,,,,
14873,11.80,1,26/04/2010,,,,
14877,9.60,2,10/11/2010,,,,
14878,46.15,4,29/10/2010,,,,
14879,9.25,1,14/11/2010,,,,
14882,7.95,1,19/07/2010,,,,
14890,31.65,1,25/08/2010,,,,
14895,187.36,5,28/09/2010,,,,
14896,14.24,2,25/11/2010,,,,
14898,98.82,5,07/11/2010,,,,
14899,2.90,1,22/11/2010,,,,
14901,14.25,2,05/11/2010,,,,
14902,12.60,1,31/01/2010,,,,
14904,1.25,1,15/02/2010,,,,
14905,22.74,1,11/11/2010,,,,
14907,18.95,3,31/10/2010,,,,
14911,"2,520.50",79,09/12/2010,,,,
14913,102.48,3,08/12/2010,,,,
14915,15.00,1,30/05/2010,,,,
14916,-19.50,1,27/07/2010,,,,
14918,55.44,1,01/12/2010,,,,
14919,17.70,1,17/08/2010,,,,
14920,11.40,1,05/12/2010,,,,
14928,14.85,1,08/03/2010,,,,
14929,30.00,1,06/04/2010,,,,
14930,59.23,2,19/10/2010,,,,
14932,30.60,1,16/11/2010,,,,
14933,295.00,1,22/11/2010,,,,
14934,-64.47,4,02/11/2010,,,,
14936,25.50,1,23/11/2010,,,,
14938,31.50,2,12/11/2010,,,,
14944,69.80,2,15/11/2010,,,,
14949,11.33,2,12/08/2010,,,,
14952,411.84,6,16/11/2010,,,,
14953,9.25,2,03/12/2010,,,,
14954,2.95,1,24/01/2010,,,,
14956,331.25,1,16/11/2010,,,,
14958,22.80,1,25/11/2010,,,,
14961,84.00,3,23/06/2010,,,,
14963,8.35,2,30/09/2010,,,,
14966,21.82,3,29/09/2010,,,,
14978,17.00,1,25/03/2010,,,,
14979,4.25,1,13/04/2010,,,,
14981,-29.70,1,29/01/2010,,,,
14983,1.65,1,09/11/2010,,,,
14986,10.85,1,22/06/2010,,,,
14988,25.14,1,12/10/2010,,,,
14990,2.20,2,17/11/2010,,,,
14991,6.50,1,11/12/2009,,,,
14992,26.10,1,15/11/2010,,,,
14994,5.95,1,27/04/2010,,,,
14996,21.87,1,06/12/2010,,,,
14997,30.00,1,13/09/2010,,,,
14998,16.50,2,22/09/2010,,,,
15001,0.84,1,08/12/2009,,,,
15002,84.55,5,18/10/2010,,,,
15003,21.84,4,31/10/2010,,,,
15005,174.67,21,06/12/2010,,,,
15006,2.80,1,26/11/2010,,,,
15012,4.89,1,07/12/2010,,,,
15013,41.21,5,26/10/2010,,,,
15015,28.61,3,18/07/2010,,,,
15016,3.55,2,25/10/2010,,,,
15021,15.85,4,08/12/2010,,,,
15023,80.69,6,15/11/2010,,,,
15024,8.25,1,17/02/2010,,,,
15025,17.65,1,22/07/2010,,,,
15026,23.80,1,17/08/2010,,,,
15027,123.48,2,08/12/2010,,,,
15028,46.80,3,03/12/2010,,,,
15029,33.00,1,22/08/2010,,,,
15031,40.16,7,09/12/2010,,,,
15032,165.00,1,18/05/2010,,,,
15034,22.32,3,05/12/2010,,,,
15038,10.35,2,13/10/2010,,,,
15039,342.48,15,09/12/2010,,,,
15043,137.25,2,30/06/2010,,,,
15044,174.33,8,29/11/2010,,,,
15046,47.82,2,07/10/2010,,,,
15050,11.90,1,07/07/2010,,,,
15051,11.25,1,02/12/2009,,,,
15055,5.95,1,30/03/2010,,,,
15058,8.50,1,08/11/2010,,,,
15059,96.90,5,02/12/2010,,,,
15061,"1,454.68",9,16/11/2010,,,,
15062,25.35,1,03/10/2010,,,,
15065,17.90,1,03/12/2010,,,,
15067,35.40,2,07/12/2010,,,,
15068,16.75,2,28/06/2010,,,,
15070,32.70,2,07/06/2010,,,,
15071,24.95,2,02/12/2010,,,,
15073,25.20,2,05/07/2010,,,,
15078,59.80,2,01/12/2010,,,,
15079,23.60,1,05/03/2010,,,,
15084,29.85,2,23/06/2010,,,,
15085,39.60,1,06/01/2010,,,,
15093,99.00,2,01/11/2010,,,,
15097,2.55,1,26/11/2010,,,,
15101,17.70,1,12/02/2010,,,,
15105,11.40,1,02/03/2010,,,,
15110,17.00,1,02/12/2009,,,,
15111,34.00,1,30/03/2010,,,,
15112,17.85,1,13/12/2009,,,,
15115,13.95,1,15/09/2010,,,,
15117,173.20,2,10/08/2010,,,,
15123,17.40,1,21/09/2010,,,,
15125,130.80,1,16/12/2009,,,,
15129,134.10,3,19/05/2010,,,,
15134,15.00,1,23/09/2010,,,,
15138,18.24,1,14/11/2010,,,,
15140,15.00,1,01/03/2010,,,,
15142,145.98,3,08/09/2010,,,,
15143,17.70,1,18/05/2010,,,,
15144,272.40,3,06/12/2010,,,,
15149,23.40,1,24/03/2010,,,,
15150,30.00,1,19/08/2010,,,,
15151,83.70,2,25/11/2010,,,,
15152,17.40,1,11/12/2009,,,,
15154,19.50,2,05/12/2010,,,,
15155,20.00,1,30/07/2010,,,,
15157,56.40,1,16/09/2010,,,,
15159,186.60,2,28/11/2010,,,,
15164,6.10,3,04/11/2010,,,,
15167,14.25,3,11/10/2010,,,,
15169,31.10,2,28/04/2010,,,,
15170,15.00,1,27/08/2010,,,,
15173,-1.95,1,26/07/2010,,,,
15176,12.75,1,22/12/2009,,,,
15179,54.00,2,12/09/2010,,,,
15180,17.85,1,20/07/2010,,,,
15182,14.80,3,12/10/2010,,,,
15183,41.88,2,22/11/2010,,,,
15188,7.50,1,03/03/2010,,,,
15191,10.20,1,04/11/2010,,,,
15192,43.20,2,19/04/2010,,,,
15194,88.70,4,12/11/2010,,,,
15196,5.05,2,21/06/2010,,,,
15197,25.00,1,18/01/2010,,,,
15199,65.40,1,18/12/2009,,,,
15203,68.13,5,21/10/2010,,,,
15209,13.50,1,02/09/2010,,,,
15215,-9.22,2,29/11/2010,,,,
15217,15.00,1,23/11/2010,,,,
15218,52.85,2,13/09/2010,,,,
15222,39.00,1,20/05/2010,,,,
15227,71.40,1,10/10/2010,,,,
15228,53.10,1,29/10/2010,,,,
15240,59.96,4,06/06/2010,,,,
15241,30.60,1,13/10/2010,,,,
15245,183.60,1,29/04/2010,,,,
15246,10.50,1,28/03/2010,,,,
15248,32.70,2,29/11/2010,,,,
15249,30.28,1,15/08/2010,,,,
15251,171.60,2,21/09/2010,,,,
15254,32.70,1,28/11/2010,,,,
15255,29.97,2,07/11/2010,,,,
15259,31.60,2,12/11/2010,,,,
15260,59.83,3,07/11/2010,,,,
15261,52.15,2,15/11/2010,,,,
15262,19.80,1,29/07/2010,,,,
15264,14.98,1,28/04/2010,,,,
15265,68.46,1,06/12/2010,,,,
15270,321.45,5,21/09/2010,,,,
15271,15.35,3,24/09/2010,,,,
15272,40.21,3,08/11/2010,,,,
15276,4.25,1,27/09/2010,,,,
15277,15.00,1,17/06/2010,,,,
15280,7.95,1,29/11/2010,,,,
15281,70.80,2,23/11/2010,,,,
15282,10.75,1,17/11/2010,,,,
15285,7.80,1,03/10/2010,,,,
15287,17.70,1,15/07/2010,,,,
15288,2.40,2,13/10/2010,,,,
15289,53.76,1,10/08/2010,,,,
15290,43.80,2,04/11/2010,,,,
15291,127.00,2,05/11/2010,,,,
15295,4.95,1,12/10/2010,,,,
15296,119.00,3,06/12/2010,,,,
15298,8.50,1,04/05/2010,,,,
15299,303.96,1,26/10/2010,,,,
15301,41.80,2,26/11/2010,,,,
15303,23.40,2,15/11/2010,,,,
15306,110.10,2,16/09/2010,,,,
15309,16.45,3,29/11/2010,,,,
15310,30.00,1,26/03/2010,,,,
15311,989.20,31,09/12/2010,,,,
15321,88.90,3,06/12/2010,,,,
15322,15.60,1,12/09/2010,,,,
15325,69.38,4,24/11/2010,,,,
15326,-3.90,3,30/07/2010,,,,
15328,17.00,1,01/12/2009,,,,
15329,117.23,5,10/11/2010,,,,
15332,88.35,1,20/10/2010,,,,
15337,17.00,1,22/12/2009,,,,
15339,34.94,3,31/08/2010,,,,
15346,22.50,1,29/06/2010,,,,
15350,25.20,1,24/10/2010,,,,
15351,97.98,4,03/10/2010,,,,
15352,9.75,1,07/12/2010,,,,
15353,36.90,4,28/11/2010,,,,
15356,12.04,3,23/07/2010,,,,
15358,255.83,10,06/12/2010,,,,
15365,13.60,1,08/12/2010,,,,
15366,49.80,2,04/05/2010,,,,
15367,79.20,3,05/12/2010,,,,
15369,196.60,2,03/10/2010,,,,
15372,102.00,1,09/09/2010,,,,
15373,4.15,1,31/01/2010,,,,
15379,10.50,1,07/03/2010,,,,
15382,119.50,4,08/11/2010,,,,
15384,25.80,2,03/11/2010,,,,
15387,20.40,1,20/10/2010,,,,
15392,17.70,1,17/10/2010,,,,
15394,52.50,2,01/11/2010,,,,
15402,64.52,3,08/11/2010,,,,
15418,15.02,1,06/10/2010,,,,
15421,61.86,4,24/11/2010,,,,
15422,29.75,1,10/11/2010,,,,
15425,72.95,3,11/11/2010,,,,
15426,20.01,3,29/11/2010,,,,
15428,35.40,1,10/08/2010,,,,
15430,-1.65,1,14/04/2010,,,,
15431,122.04,1,20/04/2010,,,,
15434,50.40,1,12/03/2010,,,,
15437,12.50,1,17/05/2010,,,,
15441,30.00,1,10/01/2010,,,,
15443,38.65,2,19/11/2010,,,,
15446,10.90,2,08/12/2010,,,,
15452,35.64,2,03/11/2010,,,,
15456,60.70,3,15/11/2010,,,,
15462,35.10,1,03/03/2010,,,,
15465,26.95,2,06/04/2010,,,,
15466,41.05,3,19/09/2010,,,,
15468,15.00,1,19/09/2010,,,,
15469,17.85,1,21/06/2010,,,,
15471,3.72,1,03/09/2010,,,,
15476,108.60,1,24/11/2010,,,,
15479,15.00,1,07/10/2010,,,,
15480,135.54,2,11/11/2010,,,,
15483,23.90,3,23/11/2010,,,,
15484,30.00,1,31/10/2010,,,,
15493,71.76,4,23/11/2010,,,,
15494,41.50,2,24/10/2010,,,,
15495,5.90,1,31/08/2010,,,,
15496,15.80,1,01/12/2009,,,,
15498,460.64,7,06/10/2010,,,,
15499,6.25,1,20/10/2010,,,,
15501,6.60,1,05/10/2010,,,,
15502,90.40,3,19/11/2010,,,,
15506,11.73,3,24/10/2010,,,,
15513,47.21,2,09/12/2010,,,,
15514,79.97,4,12/11/2010,,,,
15518,46.89,4,03/12/2010,,,,
15523,356.70,4,22/10/2010,,,,
15525,10.65,2,16/06/2010,,,,
15527,16.32,4,07/12/2010,,,,
15529,31.29,1,19/11/2010,,,,
15530,23.95,1,12/11/2010,,,,
15532,13.70,3,16/11/2010,,,,
15535,20.10,2,12/11/2010,,,,
15536,10.20,1,13/04/2010,,,,
15538,88.50,1,15/07/2010,,,,
15540,10.20,1,15/12/2009,,,,
15542,13.14,3,13/10/2010,,,,
15544,103.10,6,15/11/2010,,,,
15547,68.88,6,24/09/2010,,,,
15549,8.40,1,09/12/2010,,,,
15550,17.40,2,11/02/2010,,,,
15551,5.60,1,30/11/2010,,,,
15555,44.85,11,09/12/2010,,,,
15559,49.95,1,01/11/2010,,,,
15563,58.60,3,10/11/2010,,,,
15569,1.70,1,05/12/2010,,,,
15570,22.27,2,05/10/2010,,,,
15571,7.10,3,18/01/2010,,,,
15572,71.70,3,12/11/2010,,,,
15573,5.90,3,14/10/2010,,,,
15574,34.20,1,18/11/2010,,,,
15579,17.20,2,11/08/2010,,,,
15580,15.60,4,18/11/2010,,,,
15581,44.24,6,09/12/2010,,,,
15583,2.95,1,09/11/2010,,,,
15590,79.10,3,21/11/2010,,,,
15591,11.90,1,29/03/2010,,,,
15596,57.40,2,23/11/2010,,,,
15599,42.78,1,25/08/2010,,,,
15600,34.35,2,26/10/2010,,,,
15601,152.61,7,06/12/2010,,,,
15602,143.40,2,05/07/2010,,,,
15606,82.85,2,14/09/2010,,,,
15607,5.04,1,12/02/2010,,,,
15614,25.20,1,12/10/2010,,,,
15615,117.00,6,23/11/2010,,,,
15616,30.00,1,23/06/2010,,,,
15620,15.90,1,05/01/2010,,,,
15622,36.50,2,29/11/2010,,,,
15623,52.40,2,25/11/2010,,,,
15625,71.04,3,06/12/2010,,,,
15627,15.00,1,21/04/2010,,,,
15628,40.20,1,15/06/2010,,,,
15629,30.00,1,09/11/2010,,,,
15630,10.20,1,09/06/2010,,,,
15633,120.19,6,23/11/2010,,,,
15638,90.00,1,30/09/2010,,,,
15639,29.50,2,14/09/2010,,,,
15640,129.00,3,15/07/2010,,,,
15641,10.50,1,04/05/2010,,,,
15642,18.24,1,14/06/2010,,,,
15645,5.28,2,28/11/2010,,,,
15647,25.20,1,13/10/2010,,,,
15652,10.63,2,14/11/2010,,,,
15660,15.00,1,06/05/2010,,,,
15664,20.30,2,31/03/2010,,,,
15665,34.15,3,21/09/2010,,,,
15666,6.60,1,19/10/2010,,,,
15673,26.25,1,19/08/2010,,,,
15674,81.90,3,26/11/2010,,,,
15677,40.05,2,30/11/2010,,,,
15680,43.30,2,14/10/2010,,,,
15681,29.70,1,05/10/2010,,,,
15683,19.90,1,30/03/2010,,,,
15685,4.98,1,27/07/2010,,,,
15688,7.65,1,06/12/2010,,,,
15694,14.85,1,16/05/2010,,,,
15695,40.56,1,08/02/2010,,,,
15696,45.00,1,21/06/2010,,,,
15702,13.20,1,07/11/2010,,,,
15708,19.25,1,06/09/2010,,,,
15709,1.25,1,23/05/2010,,,,
15710,4.25,1,19/02/2010,,,,
15712,155.40,5,28/11/2010,,,,
15713,44.10,2,29/11/2010,,,,
15715,15.90,1,09/12/2010,,,,
15716,37.50,4,19/11/2010,,,,
15718,30.00,1,19/02/2010,,,,
15719,104.67,11,05/12/2010,,,,
15722,103.80,2,10/11/2010,,,,
15723,2.50,1,09/11/2010,,,,
15726,12.60,1,13/09/2010,,,,
15727,36.94,4,12/07/2010,,,,
15730,40.70,2,24/08/2010,,,,
15732,0.75,2,09/12/2010,,,,
15734,35.40,1,07/10/2010,,,,
15736,17.70,1,08/03/2010,,,,
15738,68.10,3,20/10/2010,,,,
15742,11.05,1,20/04/2010,,,,
15747,35.40,1,07/05/2010,,,,
15750,70.45,4,13/10/2010,,,,
15751,17.55,1,31/10/2010,,,,
15752,45.25,2,06/12/2010,,,,
15754,80.76,2,22/11/2010,,,,
15755,22.80,2,12/07/2010,,,,
15757,35.58,1,17/10/2010,,,,
15759,-4.95,1,03/10/2010,,,,
15764,28.50,2,03/11/2010,,,,
15765,13.20,1,22/08/2010,,,,
15768,165.37,13,25/11/2010,,,,
15769,495.00,1,07/09/2010,,,,
15773,10.90,1,29/11/2010,,,,
15774,13.50,1,01/12/2010,,,,
15782,-7.65,1,22/12/2009,,,,
15784,12.50,1,06/09/2010,,,,
15785,77.90,3,24/10/2010,,,,
15786,39.00,2,11/11/2010,,,,
15789,13.20,1,29/11/2010,,,,
15791,-1.25,1,16/11/2010,,,,
15792,85.02,2,07/12/2010,,,,
15793,232.00,1,19/09/2010,,,,
15795,30.00,2,03/10/2010,,,,
15796,148.05,5,07/12/2010,,,,
15798,30.48,1,03/03/2010,,,,
15799,20.12,1,21/11/2010,,,,
15803,141.60,1,28/10/2010,,,,
15805,74.85,3,04/11/2010,,,,
15808,301.94,12,23/11/2010,,,,
15810,33.00,1,26/10/2010,,,,
15811,45.34,2,01/12/2010,,,,
15812,2.95,1,05/10/2010,,,,
15817,68.75,2,11/11/2010,,,,
15819,47.90,3,29/09/2010,,,,
15822,35.40,1,26/11/2010,,,,
15823,15.00,1,01/12/2010,,,,
15827,37.60,2,23/05/2010,,,,
15828,7.50,1,11/08/2010,,,,
15834,24.95,3,02/12/2010,,,,
15837,15.30,1,12/07/2010,,,,
15841,15.00,1,13/06/2010,,,,
15845,17.00,1,16/11/2010,,,,
15846,1.25,1,26/01/2010,,,,
15850,16.35,2,29/11/2010,,,,
15854,109.92,3,30/11/2010,,,,
15856,190.99,8,06/12/2010,,,,
15858,43.54,2,10/11/2010,,,,
15859,54.80,1,26/10/2010,,,,
15860,8.75,2,09/11/2010,,,,
15861,19.40,3,02/11/2010,,,,
15862,23.90,7,06/12/2010,,,,
15863,1.95,1,31/10/2010,,,,
15865,20.40,2,07/12/2010,,,,
15867,81.87,7,28/11/2010,,,,
15868,10.08,1,15/03/2010,,,,
15870,23.15,3,26/09/2010,,,,
15873,27.36,1,20/04/2010,,,,
15874,253.07,6,25/11/2010,,,,
15878,9.98,2,03/12/2010,,,,
15879,10.89,2,09/12/2010,,,,
15880,3.35,1,07/10/2010,,,,
15882,86.70,3,19/09/2010,,,,
15884,7.90,1,18/12/2009,,,,
15885,8.75,2,03/12/2010,,,,
15886,7.95,1,16/02/2010,,,,
15888,21.90,1,09/05/2010,,,,
15889,38.71,2,06/12/2010,,,,
15892,2.90,1,13/01/2010,,,,
15898,118.01,9,08/12/2010,,,,
15900,15.30,1,04/01/2010,,,,
15901,0.55,1,12/08/2010,,,,
15903,82.80,1,24/06/2010,,,,
15910,19.80,3,07/09/2010,,,,
15911,61.25,5,09/12/2010,,,,
15912,1.25,1,06/06/2010,,,,
15915,2.10,1,15/07/2010,,,,
15916,19.95,2,30/11/2010,,,,
15917,2.79,1,30/11/2010,,,,
15918,12.50,1,12/10/2010,,,,
15919,1.45,1,30/06/2010,,,,
15935,-5.04,1,03/02/2010,,,,
15936,15.00,1,28/02/2010,,,,
15938,13.52,1,11/01/2010,,,,
15939,60.70,1,01/12/2010,,,,
15945,2.52,1,04/11/2010,,,,
15946,180.00,1,14/04/2010,,,,
15948,10.20,1,27/09/2010,,,,
15950,70.35,5,17/10/2010,,,,
15953,-79.20,2,17/11/2010,,,,
15955,88.38,4,15/11/2010,,,,
15956,60.00,1,07/12/2010,,,,
15957,1.25,1,04/06/2010,,,,
15958,1.25,1,07/11/2010,,,,
15959,23.40,1,01/10/2010,,,,
15960,38.40,2,29/09/2010,,,,
15961,2.10,1,22/03/2010,,,,
15962,5.75,1,01/12/2010,,,,
15965,39.80,5,28/06/2010,,,,
15966,-8.05,2,05/12/2010,,,,
15967,45.90,4,10/11/2010,,,,
15968,9.90,1,02/05/2010,,,,
15971,182.88,1,19/10/2010,,,,
15972,52.00,3,09/12/2010,,,,
15973,15.00,1,22/08/2010,,,,
15976,10.40,2,11/11/2010,,,,
15978,76.20,1,04/11/2010,,,,
15979,15.00,1,06/06/2010,,,,
15980,106.20,1,10/11/2010,,,,
15981,112.50,2,06/12/2010,,,,
15982,9.95,1,06/08/2010,,,,
15983,69.20,2,31/08/2010,,,,
15984,112.86,9,23/11/2010,,,,
15987,7.95,1,06/07/2010,,,,
15988,6.20,1,15/08/2010,,,,
15989,2.10,1,05/07/2010,,,,
15990,10.05,1,09/09/2010,,,,
15992,14.75,1,08/10/2010,,,,
15995,42.00,1,15/11/2010,,,,
15996,19.05,1,01/07/2010,,,,
15998,81.15,7,07/11/2010,,,,
16002,2.95,1,10/06/2010,,,,
16003,211.70,2,24/09/2010,,,,
16004,66.90,3,09/06/2010,,,,
16005,33.10,4,16/11/2010,,,,
16007,30.05,3,07/10/2010,,,,
16008,110.25,2,22/11/2010,,,,
16010,57.00,2,28/07/2010,,,,
16011,45.50,3,03/10/2010,,,,
16012,40.50,2,24/10/2010,,,,
16014,22.85,2,03/12/2010,,,,
16016,0.84,1,20/05/2010,,,,
16018,16.25,1,26/10/2010,,,,
16019,410.76,4,25/11/2010,,,,
16021,16.25,1,07/11/2010,,,,
16029,495.00,3,24/11/2010,,,,
16032,26.40,2,10/10/2010,,,,
16033,13.25,3,18/08/2010,,,,
16034,32.70,1,28/09/2010,,,,
16035,20.85,1,20/05/2010,,,,
16036,68.10,1,19/04/2010,,,,
16037,26.20,2,06/09/2010,,,,
16042,37.80,1,15/11/2010,,,,
16043,23.40,1,09/12/2009,,,,
16046,11.64,1,07/02/2010,,,,
16047,107.14,1,26/10/2010,,,,
16048,17.70,1,22/06/2010,,,,
16049,14.13,3,28/11/2010,,,,
16053,9.95,1,28/10/2010,,,,
16057,-17.85,1,27/04/2010,,,,
16059,28.60,2,22/04/2010,,,,
16062,20.40,1,13/05/2010,,,,
16065,40.78,4,15/11/2010,,,,
16067,19.80,1,29/04/2010,,,,
16071,15.54,2,02/12/2010,,,,
16072,60.64,2,10/10/2010,,,,
16078,20.40,1,16/05/2010,,,,
16080,-44.55,1,05/12/2010,,,,
16081,20.40,1,31/08/2010,,,,
16083,17.70,1,11/11/2010,,,,
16085,9.10,2,22/11/2010,,,,
16086,19.50,1,29/06/2010,,,,
16089,9.95,1,30/07/2010,,,,
16094,46.10,3,08/09/2010,,,,
16096,43.20,1,02/12/2010,,,,
16098,120.32,3,30/11/2010,,,,
16100,25.14,1,29/10/2010,,,,
16101,17.70,1,12/10/2010,,,,
16103,35.40,2,24/10/2010,,,,
16104,5.80,1,28/11/2010,,,,
16105,50.40,1,26/07/2010,,,,
16108,20.40,1,07/12/2009,,,,
16109,18.24,1,11/07/2010,,,,
16110,3.79,1,28/10/2010,,,,
16111,3.30,1,24/08/2010,,,,
16115,20.25,3,10/10/2010,,,,
16118,82.50,1,31/10/2010,,,,
16119,30.90,2,25/04/2010,,,,
16121,18.15,3,07/10/2010,,,,
16122,12.60,1,28/03/2010,,,,
16124,13.75,2,08/12/2010,,,,
16125,39.60,3,05/10/2010,,,,
16126,346.85,6,09/12/2010,,,,
16127,1.45,1,22/11/2010,,,,
16128,10.20,1,13/08/2010,,,,
16130,12.60,1,06/12/2009,,,,
16133,289.35,3,15/11/2010,,,,
16134,17.40,1,25/05/2010,,,,
16137,12.60,1,13/05/2010,,,,
16138,10.50,1,01/07/2010,,,,
16140,5.04,1,10/08/2010,,,,
16141,16.95,1,02/12/2010,,,,
16143,51.90,2,07/10/2010,,,,
16145,139.86,4,15/11/2010,,,,
16147,61.20,2,15/11/2010,,,,
16148,30.60,1,10/02/2010,,,,
16150,30.00,2,15/11/2010,,,,
16153,-0.20,2,27/05/2010,,,,
16156,132.30,5,07/12/2010,,,,
16161,101.80,6,18/11/2010,,,,
16163,12.75,1,17/05/2010,,,,
16167,27.00,1,17/08/2010,,,,
16168,100.40,5,06/12/2010,,,,
16170,47.50,3,08/09/2010,,,,
16174,8.50,1,20/10/2010,,,,
16175,12.75,1,18/11/2010,,,,
16176,9.95,1,21/06/2010,,,,
16177,46.70,4,12/09/2010,,,,
16180,35.00,1,26/10/2010,,,,
16186,85.62,6,10/11/2010,,,,
16188,17.70,1,21/02/2010,,,,
16191,310.56,2,17/11/2010,,,,
16193,30.00,1,16/06/2010,,,,
16197,67.74,2,05/07/2010,,,,
16198,96.00,1,11/10/2010,,,,
16199,76.50,1,03/10/2010,,,,
16200,136.06,6,14/10/2010,,,,
16202,98.10,4,06/12/2010,,,,
16205,28.30,3,08/09/2010,,,,
16206,42.90,2,06/08/2010,,,,
16208,28.55,3,29/11/2010,,,,
16210,214.72,4,23/11/2010,,,,
16214,17.70,1,27/10/2010,,,,
16218,55.65,2,22/11/2010,,,,
16221,4.95,1,20/04/2010,,,,
16223,23.10,1,30/04/2010,,,,
16225,15.00,1,17/11/2010,,,,
16226,22.50,1,17/08/2010,,,,
16228,97.71,1,26/02/2010,,,,
16229,35.00,3,02/11/2010,,,,
16232,13.52,1,14/09/2010,,,,
16233,22.95,2,14/02/2010,,,,
16234,19.80,1,18/05/2010,,,,
16239,89.20,2,02/11/2010,,,,
16241,32.40,2,21/11/2010,,,,
16242,87.96,4,17/11/2010,,,,
16251,1.25,1,16/11/2010,,,,
16252,4.95,2,01/02/2010,,,,
16253,19.80,1,28/09/2010,,,,
16254,14.98,1,18/11/2010,,,,
16255,9.50,3,17/10/2010,,,,
16256,73.75,1,20/09/2010,,,,
16258,60.90,2,01/12/2010,,,,
16259,1.25,1,28/03/2010,,,,
16261,1.95,1,11/04/2010,,,,
16266,30.05,3,30/07/2010,,,,
16269,34.65,1,09/03/2010,,,,
16271,30.60,1,24/11/2010,,,,
16273,12.70,1,27/05/2010,,,,
16274,8.79,1,08/04/2010,,,,
16275,12.60,1,27/01/2010,,,,
16277,12.75,1,03/12/2009,,,,
16279,146.02,3,29/08/2010,,,,
16283,18.25,3,09/12/2010,,,,
16287,39.60,1,21/02/2010,,,,
16290,7.49,1,26/08/2010,,,,
16293,64.42,2,04/10/2010,,,,
16296,-6.30,2,16/11/2010,,,,
16300,23.44,3,09/11/2010,,,,
16303,30.00,1,21/05/2010,,,,
16307,75.90,1,27/10/2010,,,,
16314,79.80,2,21/07/2010,,,,
16316,185.11,4,29/11/2010,,,,
16320,95.70,3,20/10/2010,,,,
16323,34.20,1,18/10/2010,,,,
16325,91.74,4,02/12/2010,,,,
16326,9.60,2,27/05/2010,,,,
16327,139.05,7,06/12/2010,,,,
16328,30.00,1,30/05/2010,,,,
16329,3.75,1,03/12/2010,,,,
16331,222.00,1,29/04/2010,,,,
16332,1.25,1,22/10/2010,,,,
16335,35.15,4,02/11/2010,,,,
16340,15.05,2,02/11/2010,,,,
16341,112.80,2,15/10/2010,,,,
16343,16.10,1,15/09/2010,,,,
16345,10.95,1,02/06/2010,,,,
16347,56.08,2,29/11/2010,,,,
16348,16.25,1,14/11/2010,,,,
16350,15.90,1,05/03/2010,,,,
16351,51.00,2,21/10/2010,,,,
16353,75.00,1,08/02/2010,,,,
16354,19.20,2,23/11/2010,,,,
16356,5.90,1,11/04/2010,,,,
16359,8.85,1,28/11/2010,,,,
16365,102.39,2,26/11/2010,,,,
16367,7.56,1,10/11/2010,,,,
16369,64.50,2,23/11/2010,,,,
16372,7.20,1,01/11/2010,,,,
16373,11.80,1,14/11/2010,,,,
16374,30.69,2,15/10/2010,,,,
16382,29.95,1,29/03/2010,,,,
16383,10.10,2,30/09/2010,,,,
16384,10.20,1,22/06/2010,,,,
16385,10.29,2,05/12/2010,,,,
16386,7.65,1,12/11/2010,,,,
16387,2.50,1,01/10/2010,,,,
16391,5.80,2,16/11/2010,,,,
16392,5.05,1,18/10/2010,,,,
16393,42.87,8,19/10/2010,,,,
16395,10.29,7,08/12/2010,,,,
16400,20.80,3,21/10/2010,,,,
16401,26.75,3,04/11/2010,,,,
16402,18.65,1,23/06/2010,,,,
16406,27.05,2,01/11/2010,,,,
16408,2.90,1,28/10/2010,,,,
16409,84.85,7,09/11/2010,,,,
16411,7.35,2,27/10/2010,,,,
16412,11.45,2,03/12/2010,,,,
16414,14.80,1,05/11/2010,,,,
16416,36.30,3,03/11/2010,,,,
16419,5.95,1,04/11/2010,,,,
16420,42.00,1,18/10/2010,,,,
16422,342.18,5,06/12/2010,,,,
16424,62.90,1,26/11/2010,,,,
16428,10.25,2,02/08/2010,,,,
16435,12.75,1,31/08/2010,,,,
16436,7.50,1,15/03/2010,,,,
16437,30.00,1,21/01/2010,,,,
16439,15.30,1,03/09/2010,,,,
16440,7.50,1,15/07/2010,,,,
16441,9.90,1,23/11/2010,,,,
16442,7.46,2,01/06/2010,,,,
16444,15.65,5,23/11/2010,,,,
16445,1.30,1,08/11/2010,,,,
16447,14.98,1,09/03/2010,,,,
16455,31.90,2,08/10/2010,,,,
16456,52.45,4,26/11/2010,,,,
16458,19.50,1,16/07/2010,,,,
16461,12.10,2,16/09/2010,,,,
16465,13.20,1,12/10/2010,,,,
16466,35.30,2,17/11/2010,,,,
16468,59.40,1,21/09/2010,,,,
16469,9.65,1,24/06/2010,,,,
16470,36.00,3,04/11/2010,,,,
16471,15.00,1,15/11/2010,,,,
16477,30.00,1,22/10/2010,,,,
16485,117.03,3,06/12/2010,,,,
16491,13.60,1,06/12/2010,,,,
16493,20.88,1,30/03/2010,,,,
16497,72.35,3,16/11/2010,,,,
16499,63.00,3,16/11/2010,,,,
16501,31.40,1,27/10/2010,,,,
16507,2.55,1,19/01/2010,,,,
16508,7.49,1,25/07/2010,,,,
16510,34.70,3,11/10/2010,,,,
16511,43.90,2,31/10/2010,,,,
16515,8.25,1,01/12/2009,,,,
16518,15.00,1,22/11/2010,,,,
16520,20.90,2,09/09/2010,,,,
16523,116.40,2,30/09/2010,,,,
16524,2.10,1,17/09/2010,,,,
16525,708.60,8,29/11/2010,,,,
16529,7.50,1,26/11/2010,,,,
16531,25.20,1,16/11/2010,,,,
16535,4.25,1,16/12/2009,,,,
16539,50.70,2,01/04/2010,,,,
16541,5.45,1,09/09/2010,,,,
16543,17.40,1,20/09/2010,,,,
16544,-30.00,1,01/12/2010,,,,
16546,76.32,1,15/12/2009,,,,
16547,3.30,1,22/10/2010,,,,
16549,196.02,18,08/12/2010,,,,
16550,96.10,5,01/12/2010,,,,
16553,159.50,3,11/04/2010,,,,
16554,7.85,2,29/09/2010,,,,
16555,278.22,4,01/12/2010,,,,
16556,89.55,6,01/12/2010,,,,
16558,77.40,4,31/10/2010,,,,
16559,29.50,1,16/03/2010,,,,
16560,100.48,4,26/11/2010,,,,
16570,-3.75,1,13/12/2009,,,,
16571,42.60,1,23/11/2010,,,,
16574,43.05,2,02/11/2010,,,,
16578,19.80,1,03/12/2010,,,,
16579,10.20,1,21/09/2010,,,,
16584,6.75,2,21/07/2010,,,,
16585,11.90,1,16/11/2010,,,,
16588,43.10,1,31/10/2010,,,,
16592,95.68,4,06/12/2010,,,,
16595,44.90,4,08/11/2010,,,,
16600,10.20,1,14/11/2010,,,,
16601,39.20,2,08/10/2010,,,,
16606,25.50,1,27/04/2010,,,,
16607,45.30,3,30/11/2010,,,,
16608,19.25,2,31/10/2010,,,,
16611,42.00,2,20/06/2010,,,,
16612,56.40,3,27/07/2010,,,,
16614,14.98,1,28/04/2010,,,,
16615,20.28,1,31/01/2010,,,,
16619,30.90,2,19/11/2010,,,,
16620,35.15,1,26/09/2010,,,,
16631,15.60,1,16/12/2009,,,,
16632,8.50,1,14/07/2010,,,,
16634,61.20,3,20/10/2010,,,,
16636,81.60,1,02/12/2009,,,,
16638,22.50,1,27/01/2010,,,,
16641,12.60,1,17/09/2010,,,,
16643,17.70,1,06/09/2010,,,,
16645,12.60,1,18/06/2010,,,,
16649,15.90,1,16/12/2009,,,,
16650,40.50,2,28/01/2010,,,,
16652,523.94,5,30/11/2010,,,,
16655,105.36,5,03/12/2010,,,,
16656,19.80,1,31/08/2010,,,,
16658,1.25,1,12/05/2010,,,,
16661,3.25,1,15/06/2010,,,,
16668,15.00,1,02/12/2010,,,,
16670,75.90,3,03/12/2010,,,,
16673,5.10,1,04/12/2009,,,,
16677,43.65,2,30/11/2010,,,,
16681,35.40,1,25/07/2010,,,,
16684,"1,659.00",7,23/11/2010,,,,
16686,23.78,4,28/11/2010,,,,
16693,2.10,1,04/07/2010,,,,
16695,4.95,1,16/02/2010,,,,
16700,213.74,7,29/11/2010,,,,
16701,170.28,5,02/12/2010,,,,
16702,27.15,2,21/11/2010,,,,
16705,914.30,7,13/10/2010,,,,
16707,9.99,1,07/11/2010,,,,
16709,171.15,4,16/11/2010,,,,
16710,55.61,5,28/11/2010,,,,
16713,77.95,7,30/11/2010,,,,
16714,-15.00,1,02/11/2010,,,,
16717,87.30,3,01/12/2010,,,,
16719,42.00,3,01/12/2010,,,,
16720,17.20,2,26/11/2010,,,,
16722,143.46,4,08/11/2010,,,,
16723,18.15,2,29/10/2010,,,,
16724,10.20,1,04/03/2010,,,,
16725,11.05,3,01/12/2010,,,,
16726,2.50,1,11/12/2009,,,,
16727,1.74,1,16/12/2009,,,,
16731,1.45,1,16/07/2010,,,,
16732,55.08,3,26/11/2010,,,,
16735,138.10,4,05/12/2010,,,,
16736,58.80,2,10/09/2010,,,,
16739,88.80,1,04/10/2010,,,,
16742,13.90,1,04/06/2010,,,,
16743,15.40,3,07/07/2010,,,,
16746,371.50,11,09/12/2010,,,,
16748,39.00,1,06/06/2010,,,,
16749,10.20,1,15/03/2010,,,,
16754,"1,597.50",2,15/09/2010,,,,
16755,20.83,2,06/12/2010,,,,
16756,28.84,2,21/02/2010,,,,
16757,17.70,1,27/08/2010,,,,
16767,22.20,2,03/12/2010,,,,
16768,71.75,4,19/11/2010,,,,
16770,20.68,4,27/10/2010,,,,
16771,10.20,1,02/12/2009,,,,
16772,105.50,1,24/11/2010,,,,
16773,7.65,1,06/04/2010,,,,
16774,21.10,2,28/04/2010,,,,
16775,52.20,3,09/12/2010,,,,
16777,27.60,1,24/10/2010,,,,
16779,820.50,13,06/12/2010,,,,
16781,44.50,2,21/05/2010,,,,
16782,126.93,15,09/12/2010,,,,
16784,19.20,2,28/10/2010,,,,
16787,27.25,2,17/03/2010,,,,
16788,28.99,3,01/12/2010,,,,
16791,19.50,3,17/11/2010,,,,
16792,19.05,2,09/11/2010,,,,
16794,11.50,3,25/10/2010,,,,
16795,45.85,5,22/11/2010,,,,
16797,34.33,4,26/09/2010,,,,
16798,6.90,2,05/07/2010,,,,
16799,4.00,2,12/07/2010,,,,
16802,33.74,1,11/10/2010,,,,
16805,16.20,2,19/11/2010,,,,
16807,40.80,2,29/11/2010,,,,
16809,11.40,2,18/03/2010,,,,
16812,14.85,1,04/05/2010,,,,
16814,118.25,6,04/11/2010,,,,
16815,5.90,1,07/01/2010,,,,
16817,10.20,1,04/02/2010,,,,
16819,15.00,1,07/12/2010,,,,
16823,67.32,3,29/10/2010,,,,
16827,12.75,1,21/09/2010,,,,
16833,25.20,1,08/07/2010,,,,
16834,35.40,1,15/07/2010,,,,
16835,46.40,3,18/11/2010,,,,
16836,20.40,1,19/03/2010,,,,
16843,116.80,2,10/08/2010,,,,
16844,76.75,1,23/11/2010,,,,
16846,10.08,1,22/01/2010,,,,
16848,17.00,1,21/09/2010,,,,
16857,15.30,1,19/05/2010,,,,
16858,71.00,3,14/10/2010,,,,
16859,8.50,1,03/08/2010,,,,
16862,40.20,3,23/07/2010,,,,
16868,2.10,1,09/05/2010,,,,
16870,20.00,1,16/07/2010,,,,
16873,125.40,4,08/10/2010,,,,
16874,3.95,1,06/10/2010,,,,
16875,44.98,3,31/10/2010,,,,
16876,4.95,1,11/06/2010,,,,
16883,57.74,4,28/09/2010,,,,
16884,11.80,1,28/02/2010,,,,
16888,2.55,1,02/02/2010,,,,
16891,25.95,5,28/11/2010,,,,
16892,4.25,1,05/05/2010,,,,
16893,8.50,1,01/02/2010,,,,
16894,22.05,1,16/09/2010,,,,
16895,9.75,2,17/12/2009,,,,
16896,2.95,1,09/05/2010,,,,
16898,1.10,1,19/10/2010,,,,
16901,15.35,1,11/11/2010,,,,
16903,15.25,2,17/10/2010,,,,
16904,54.25,3,07/10/2010,,,,
16905,9.80,1,31/03/2010,,,,
16906,22.00,1,03/12/2010,,,,
16907,4.05,1,03/12/2010,,,,
16912,44.55,1,29/07/2010,,,,
16913,5.85,1,03/10/2010,,,,
16916,6.80,2,15/07/2010,,,,
16917,96.30,1,22/11/2010,,,,
16918,63.65,4,08/12/2010,,,,
16919,39.75,2,27/05/2010,,,,
16921,1.65,1,29/01/2010,,,,
16922,2.50,1,29/11/2010,,,,
16923,40.67,5,07/12/2010,,,,
16925,12.60,1,19/11/2010,,,,
16926,18.73,1,27/07/2010,,,,
16928,90.75,6,07/09/2010,,,,
16931,1.25,1,01/03/2010,,,,
16932,4.25,1,03/12/2010,,,,
16933,65.80,3,08/11/2010,,,,
16934,81.53,2,30/11/2010,,,,
16935,26.85,2,26/10/2010,,,,
16936,5.90,1,24/01/2010,,,,
16937,4.25,1,18/10/2010,,,,
16938,59.93,3,06/12/2010,,,,
16939,16.15,2,26/10/2010,,,,
16940,75.88,4,21/11/2010,,,,
16944,15.00,1,25/08/2010,,,,
16945,90.80,4,25/11/2010,,,,
16946,27.90,2,04/11/2010,,,,
16947,15.00,1,03/12/2009,,,,
16950,24.10,2,21/06/2010,,,,
16952,65.00,2,02/09/2010,,,,
16954,48.30,3,04/11/2010,,,,
16955,47.10,2,30/11/2010,,,,
16958,51.75,1,23/05/2010,,,,
16960,16.30,3,04/11/2010,,,,
16962,15.60,1,13/05/2010,,,,
16972,19.35,2,05/11/2010,,,,
16977,19.80,1,24/01/2010,,,,
16980,10.20,1,16/12/2009,,,,
16983,8.85,1,11/03/2010,,,,
16984,128.00,5,19/11/2010,,,,
16985,112.20,2,22/08/2010,,,,
16986,54.75,2,07/12/2010,,,,
16987,24.75,3,17/10/2010,,,,
16988,14.95,1,04/08/2010,,,,
16992,82.70,4,01/07/2010,,,,
16993,96.60,2,13/09/2010,,,,
16996,34.65,3,22/10/2010,,,,
17001,100.80,2,12/10/2010,,,,
17002,35.40,1,10/11/2010,,,,
17003,6.35,2,10/06/2010,,,,
17004,75.00,1,18/05/2010,,,,
17012,8.85,1,23/11/2010,,,,
17016,25.85,1,10/09/2010,,,,
17017,34.80,2,24/11/2010,,,,
17018,20.40,1,19/11/2010,,,,
17019,24.01,5,28/11/2010,,,,
17021,23.25,2,12/11/2010,,,,
17025,15.00,1,15/03/2010,,,,
17027,6.80,1,09/11/2010,,,,
17028,84.60,2,19/11/2010,,,,
17029,15.30,1,30/11/2010,,,,
17032,85.69,4,21/11/2010,,,,
17034,10.20,1,09/12/2010,,,,
17038,38.95,1,03/11/2010,,,,
17039,217.80,1,20/10/2010,,,,
17041,7.50,1,29/01/2010,,,,
17043,16.45,1,05/11/2010,,,,
17044,163.92,2,23/11/2010,,,,
17047,13.50,1,31/10/2010,,,,
17048,6.60,1,23/09/2010,,,,
17049,20.28,2,25/07/2010,,,,
17050,10.00,1,15/10/2010,,,,
17051,4.55,2,27/09/2010,,,,
17057,1.25,1,07/06/2010,,,,
17059,35.79,2,09/11/2010,,,,
17067,20.40,1,21/03/2010,,,,
17068,71.95,10,05/12/2010,,,,
17069,67.40,3,29/08/2010,,,,
17074,89.25,1,12/01/2010,,,,
17075,47.05,3,12/10/2010,,,,
17076,28.95,2,08/04/2010,,,,
17081,7.54,1,25/07/2010,,,,
17082,13.20,1,21/06/2010,,,,
17083,21.78,2,16/08/2010,,,,
17085,100.72,8,05/12/2010,,,,
17089,45.00,1,23/11/2010,,,,
17091,70.70,5,15/10/2010,,,,
17092,127.65,4,08/12/2010,,,,
17093,47.70,1,10/03/2010,,,,
17095,3.10,2,04/10/2010,,,,
17096,52.50,3,13/09/2010,,,,
17097,11.30,2,26/11/2010,,,,
17098,25.50,1,18/11/2010,,,,
17099,26.12,1,22/02/2010,,,,
17101,15.90,1,18/05/2010,,,,
17107,309.87,4,08/12/2010,,,,
17109,60.75,2,01/11/2010,,,,
17110,49.50,2,01/12/2010,,,,
17111,1.25,1,07/07/2010,,,,
17112,8.60,1,22/04/2010,,,,
17115,53.55,2,21/10/2010,,,,
17122,19.80,1,26/02/2010,,,,
17123,50.10,2,01/12/2010,,,,
17126,3.30,1,28/02/2010,,,,
17132,56.47,2,20/05/2010,,,,
17135,46.80,3,15/10/2010,,,,
17136,17.85,1,18/04/2010,,,,
17137,23.70,3,16/11/2010,,,,
17138,104.40,4,31/10/2010,,,,
17139,112.50,5,03/08/2010,,,,
17141,16.35,2,21/09/2010,,,,
17142,1.25,1,26/10/2010,,,,
17143,61.85,2,02/09/2010,,,,
17146,71.52,3,22/02/2010,,,,
17157,60.60,3,14/11/2010,,,,
17158,30.00,1,12/11/2010,,,,
17159,19.32,1,27/05/2010,,,,
17160,136.74,5,25/11/2010,,,,
17161,15.90,1,14/10/2010,,,,
17163,10.50,1,06/06/2010,,,,
17165,29.85,2,03/10/2010,,,,
17169,38.55,1,28/03/2010,,,,
17172,9.48,1,28/11/2010,,,,
17176,30.60,1,28/10/2010,,,,
17177,2.95,1,28/02/2010,,,,
17179,13.58,2,19/11/2010,,,,
17180,11.15,3,05/12/2010,,,,
17185,1.70,1,18/05/2010,,,,
17188,124.20,3,17/11/2010,,,,
17189,37.85,2,07/10/2010,,,,
17190,128.80,5,01/12/2010,,,,
17191,56.95,4,22/11/2010,,,,
17192,2.10,1,19/10/2010,,,,
17194,12.75,1,16/12/2009,,,,
17196,5.40,1,17/10/2010,,,,
17198,15.45,2,22/11/2010,,,,
17200,4.95,1,15/10/2010,,,,
17201,25.20,3,05/12/2010,,,,
17203,97.05,3,18/08/2010,,,,
17204,40.80,1,15/11/2010,,,,
17205,51.84,1,09/07/2010,,,,
17207,7.75,1,25/11/2010,,,,
17209,5.90,1,27/09/2010,,,,
17210,9.90,1,05/09/2010,,,,
17211,41.70,2,31/10/2010,,,,
17212,20.40,1,26/05/2010,,,,
17218,43.81,3,22/10/2010,,,,
17220,57.49,5,22/11/2010,,,,
17221,1.65,1,11/06/2010,,,,
17222,30.60,1,13/12/2009,,,,
17227,1.45,1,23/06/2010,,,,
17228,31.65,3,27/10/2010,,,,
17230,371.40,2,16/09/2010,,,,
17231,97.05,9,23/11/2010,,,,
17236,7.95,1,10/11/2010,,,,
17238,54.22,8,21/11/2010,,,,
17240,17.70,1,03/12/2009,,,,
17241,12.70,2,26/08/2010,,,,
17242,16.50,1,06/09/2010,,,,
17243,150.60,13,05/12/2010,,,,
17245,3.30,1,16/11/2010,,,,
17251,10.20,1,05/08/2010,,,,
17254,3.25,1,11/08/2010,,,,
17259,22.55,2,03/10/2010,,,,
17264,10.86,1,18/10/2010,,,,
17266,13.45,2,25/11/2010,,,,
17268,122.40,1,15/11/2010,,,,
17269,5.85,1,13/06/2010,,,,
17270,11.85,1,08/01/2010,,,,
17273,10.20,1,24/11/2010,,,,
17275,5.90,1,03/10/2010,,,,
17276,38.84,1,22/11/2010,,,,
17282,9.90,1,01/03/2010,,,,
17284,9.90,1,15/03/2010,,,,
17285,5.90,1,05/12/2010,,,,
17287,122.54,7,02/11/2010,,,,
17288,18.09,2,25/11/2010,,,,
17289,9.15,2,26/03/2010,,,,
17290,152.16,2,14/09/2010,,,,
17293,42.95,3,07/11/2010,,,,
17299,11.65,2,21/06/2010,,,,
17301,2.50,1,10/11/2010,,,,
17311,10.50,1,20/07/2010,,,,
17314,17.70,1,07/11/2010,,,,
17315,14.17,3,19/11/2010,,,,
17316,2.10,1,29/04/2010,,,,
17320,30.45,2,21/09/2010,,,,
17321,15.80,2,05/11/2010,,,,
17322,10.00,2,13/08/2010,,,,
17323,14.85,2,17/10/2010,,,,
17324,78.65,4,12/08/2010,,,,
17325,10.20,1,01/07/2010,,,,
17329,5.04,1,11/12/2009,,,,
17332,4.95,1,14/12/2009,,,,
17338,29.95,6,16/11/2010,,,,
17340,333.85,6,03/11/2010,,,,
17341,0.42,1,05/12/2010,,,,
17343,63.30,2,04/06/2010,,,,
17344,1.25,1,23/07/2010,,,,
17345,16.74,4,02/12/2010,,,,
17346,30.93,7,11/11/2010,,,,
17348,17.08,3,05/10/2010,,,,
17349,12.65,1,17/03/2010,,,,
17350,4.95,1,07/09/2010,,,,
17354,178.40,2,09/06/2010,,,,
17356,10.20,1,30/09/2010,,,,
17358,78.20,3,19/10/2010,,,,
17359,8.25,1,18/01/2010,,,,
17360,13.85,1,09/06/2010,,,,
17361,17.70,1,16/04/2010,,,,
17362,11.80,3,01/12/2010,,,,
17363,39.00,1,23/09/2010,,,,
17364,103.15,6,22/11/2010,,,,
17365,37.20,2,19/11/2010,,,,
17366,29.85,2,28/11/2010,,,,
17368,17.88,2,05/12/2010,,,,
17371,10.85,1,02/05/2010,,,,
17372,59.45,5,23/11/2010,,,,
17373,7.50,1,19/09/2010,,,,
17375,17.00,1,11/08/2010,,,,
17376,1.70,1,22/10/2010,,,,
17377,424.58,20,08/12/2010,,,,
17388,19.90,2,13/09/2010,,,,
17389,170.71,6,01/12/2010,,,,
17393,8.50,1,04/01/2010,,,,
17397,2.55,1,26/08/2010,,,,
17400,66.68,3,08/12/2010,,,,
17402,77.35,2,14/11/2010,,,,
17404,15.00,1,21/09/2010,,,,
17406,46.25,3,20/08/2010,,,,
17409,30.00,1,22/09/2010,,,,
17412,390.82,6,05/11/2010,,,,
17413,17.70,1,20/10/2010,,,,
17416,142.50,3,01/12/2010,,,,
17421,47.40,2,03/12/2010,,,,
17422,55.75,4,20/10/2010,,,,
17423,10.20,1,03/10/2010,,,,
17428,155.20,7,08/11/2010,,,,
17429,33.90,1,16/06/2010,,,,
17432,40.05,1,05/11/2010,,,,
17437,20.90,1,19/08/2010,,,,
17438,30.60,1,21/07/2010,,,,
17441,13.50,1,03/12/2009,,,,
17442,52.58,2,22/11/2010,,,,
17448,269.75,16,01/12/2010,,,,
17449,55.20,3,09/11/2010,,,,
17450,140.32,2,23/11/2010,,,,
17457,-8.75,1,22/07/2010,,,,
17460,40.40,2,17/09/2010,,,,
17463,15.90,1,23/09/2010,,,,
17464,0.95,1,29/06/2010,,,,
17465,55.65,3,06/06/2010,,,,
17469,73.29,3,08/12/2010,,,,
17470,25.80,2,24/10/2010,,,,
17472,24.49,1,11/10/2010,,,,
17477,93.75,2,23/11/2010,,,,
17482,20.85,1,07/07/2010,,,,
17490,19.80,1,13/06/2010,,,,
17504,43.76,1,04/11/2010,,,,
17508,89.25,3,21/10/2010,,,,
17511,"1,624.54",17,07/12/2010,,,,
17512,15.60,1,19/10/2010,,,,
17516,2.50,1,04/08/2010,,,,
17518,13.95,2,09/12/2010,,,,
17519,19.80,1,09/12/2010,,,,
17526,233.40,2,24/05/2010,,,,
17529,42.85,1,15/11/2010,,,,
17530,19.75,2,06/12/2010,,,,
17534,17.00,1,19/11/2010,,,,
17539,19.50,1,18/08/2010,,,,
17540,35.40,1,25/11/2010,,,,
17542,3.75,1,25/11/2010,,,,
17544,8.95,1,29/09/2010,,,,
17545,5.50,1,23/11/2010,,,,
17547,15.00,1,07/03/2010,,,,
17550,20.85,2,12/02/2010,,,,
17552,98.04,5,07/10/2010,,,,
17553,816.00,1,19/02/2010,,,,
17555,1.90,1,16/11/2010,,,,
17561,11.65,2,17/05/2010,,,,
17565,10.85,1,02/09/2010,,,,
17567,53.80,2,24/10/2010,,,,
17568,26.88,1,07/10/2010,,,,
17571,12.75,1,21/05/2010,,,,
17576,125.15,11,03/11/2010,,,,
17579,48.80,1,09/11/2010,,,,
17580,2.55,1,07/12/2009,,,,
17581,177.45,10,23/11/2010,,,,
17582,39.70,2,25/11/2010,,,,
17584,263.50,3,26/10/2010,,,,
17585,9.05,3,08/11/2010,,,,
17586,10.20,1,30/04/2010,,,,
17589,195.04,9,25/11/2010,,,,
17591,17.00,2,01/12/2010,,,,
17593,72.60,3,29/11/2010,,,,
17594,33.00,1,03/06/2010,,,,
17596,41.80,3,22/10/2010,,,,
17601,4.25,1,10/03/2010,,,,
17602,111.67,5,08/12/2010,,,,
17604,2.95,1,18/10/2010,,,,
17606,17.70,1,26/01/2010,,,,
17607,14.75,1,11/08/2010,,,,
17609,10.10,2,25/10/2010,,,,
17610,35.69,4,25/11/2010,,,,
17611,85.19,8,22/11/2010,,,,
17612,43.50,4,23/05/2010,,,,
17617,23.40,1,16/03/2010,,,,
17618,55.01,7,07/12/2010,,,,
17621,15.00,1,14/12/2009,,,,
17622,39.60,1,19/01/2010,,,,
17623,95.40,4,21/11/2010,,,,
17624,19.80,1,14/11/2010,,,,
17625,33.60,2,12/10/2010,,,,
17633,12.50,1,16/02/2010,,,,
17635,15.00,1,13/01/2010,,,,
17638,280.80,1,08/11/2010,,,,
17639,20.30,1,05/12/2010,,,,
17644,109.15,5,08/12/2010,,,,
17646,17.70,1,06/06/2010,,,,
17651,15.00,1,22/06/2010,,,,
17655,98.10,1,24/09/2010,,,,
17659,15.90,1,17/09/2010,,,,
17660,6.30,1,06/12/2010,,,,
17663,71.10,2,18/08/2010,,,,
17664,58.65,2,11/10/2010,,,,
17671,15.00,1,29/08/2010,,,,
17672,113.70,2,18/11/2010,,,,
17673,21.68,3,07/12/2010,,,,
17675,185.20,5,03/12/2010,,,,
17676,43.80,2,12/09/2010,,,,
17677,275.55,8,29/11/2010,,,,
17679,17.40,1,04/08/2010,,,,
17680,30.60,1,02/08/2010,,,,
17683,24.95,1,29/11/2010,,,,
17686,27.80,2,08/04/2010,,,,
17687,34.00,1,07/11/2010,,,,
17690,83.05,5,02/09/2010,,,,
17692,11.25,1,05/10/2010,,,,
17694,14.75,1,06/04/2010,,,,
17696,84.60,6,08/08/2010,,,,
17700,100.26,5,25/10/2010,,,,
17702,59.15,1,28/10/2010,,,,
17706,251.60,4,25/11/2010,,,,
17708,17.70,1,15/02/2010,,,,
17713,23.60,1,06/07/2010,,,,
17714,17.00,1,14/11/2010,,,,
17716,111.85,6,07/12/2010,,,,
17720,10.20,1,03/12/2010,,,,
17726,17.85,1,10/12/2009,,,,
17729,15.30,1,29/03/2010,,,,
17730,32.10,2,21/11/2010,,,,
17732,47.40,2,01/09/2010,,,,
17735,35.40,2,23/11/2010,,,,
17738,35.40,2,31/01/2010,,,,
17739,59.50,1,20/12/2009,,,,
17743,88.50,1,08/09/2010,,,,
17745,19.90,1,27/01/2010,,,,
17751,2.50,1,28/01/2010,,,,
17753,6.75,1,18/10/2010,,,,
17754,36.92,2,29/10/2010,,,,
17756,14.07,1,22/03/2010,,,,
17757,55.60,8,17/11/2010,,,,
17759,18.50,1,08/12/2010,,,,
17760,3.45,2,14/07/2010,,,,
17763,8.85,1,14/11/2010,,,,
17769,38.75,2,04/10/2010,,,,
17771,10.50,1,24/01/2010,,,,
17772,2.10,1,31/08/2010,,,,
17773,22.50,1,08/12/2010,,,,
17774,40.70,3,21/10/2010,,,,
17776,3.35,2,19/03/2010,,,,
17778,11.25,1,26/03/2010,,,,
17780,4.25,1,16/11/2010,,,,
17785,6.60,1,15/03/2010,,,,
17787,29.70,1,12/08/2010,,,,
17789,6.60,1,20/01/2010,,,,
17790,10.40,3,10/11/2010,,,,
17792,1.70,1,29/10/2010,,,,
17796,11.65,2,11/08/2010,,,,
17797,9.24,2,22/09/2010,,,,
17798,2.50,1,23/12/2009,,,,
17799,86.40,6,15/10/2010,,,,
17801,13.20,1,28/10/2010,,,,
17802,93.01,4,19/11/2010,,,,
17804,2.10,1,18/02/2010,,,,
17807,7.55,1,13/09/2010,,,,
17808,1.30,1,02/09/2010,,,,
17809,425.00,1,23/11/2010,,,,
17810,2.55,1,08/02/2010,,,,
17811,43.50,4,07/10/2010,,,,
17812,2.55,1,25/08/2010,,,,
17816,2.55,1,12/05/2010,,,,
17817,12.95,1,26/08/2010,,,,
17818,1.25,1,21/09/2010,,,,
17819,1.10,1,16/09/2010,,,,
17821,45.00,1,14/09/2010,,,,
17822,13.69,2,24/11/2010,,,,
17823,5.04,1,16/11/2010,,,,
17825,17.85,1,15/02/2010,,,,
17827,9.90,1,05/03/2010,,,,
17829,25.20,1,20/04/2010,,,,
17838,115.29,5,11/11/2010,,,,
17840,3.37,1,18/08/2010,,,,
17841,504.67,63,09/12/2010,,,,
17843,11.70,1,26/02/2010,,,,
17845,0.95,1,28/09/2010,,,,
17847,1.25,1,27/04/2010,,,,
17848,55.25,3,10/05/2010,,,,
17850,"1,030.98",40,06/12/2010,,,,
17851,29.75,4,24/11/2010,,,,
17852,3.75,1,07/12/2010,,,,
17853,26.85,1,06/06/2010,,,,
17854,2.55,1,17/11/2010,,,,
17858,440.68,4,03/11/2010,,,,
17860,58.95,3,24/10/2010,,,,
17861,41.60,4,06/12/2010,,,,
17862,1.65,1,13/10/2010,,,,
17863,10.50,1,16/11/2010,,,,
17864,8.25,1,27/05/2010,,,,
17865,203.31,6,17/11/2010,,,,
17867,-1.65,3,06/12/2010,,,,
17869,4.65,1,14/03/2010,,,,
17871,5.07,2,08/11/2010,,,,
17873,75.60,2,20/06/2010,,,,
17878,30.00,1,07/11/2010,,,,
17882,6.35,2,28/09/2010,,,,
17883,11.85,2,10/10/2010,,,,
17884,52.68,4,29/11/2010,,,,
17886,29.95,1,09/09/2010,,,,
17888,49.74,2,07/09/2010,,,,
17889,5.45,2,12/10/2010,,,,
17894,12.65,2,05/10/2010,,,,
17897,13.30,4,08/11/2010,,,,
17898,17.00,1,16/02/2010,,,,
17905,216.15,3,09/12/2010,,,,
17908,18.13,3,20/10/2010,,,,
17913,24.65,5,04/10/2010,,,,
17920,179.04,12,29/11/2010,,,,
17921,21.30,4,07/12/2010,,,,
17930,-11.60,1,21/07/2010,,,,
17931,102.00,7,08/12/2010,,,,
17935,19.50,1,15/11/2010,,,,
17940,"1,080.00",1,10/08/2010,,,,
17945,20.40,1,14/05/2010,,,,
17949,"1,675.80",4,26/04/2010,,,,
17950,7.95,2,06/06/2010,,,,
17952,17.50,3,01/12/2010,,,,
17953,19.65,1,01/07/2010,,,,
17954,4.50,4,08/12/2010,,,,
17958,3.48,1,25/04/2010,,,,
17961,37.00,9,28/11/2010,,,,
17962,6.35,1,31/10/2010,,,,
17963,10.30,3,06/12/2010,,,,
17965,117.98,8,24/11/2010,,,,
17966,42.00,2,10/11/2010,,,,
17967,2.50,1,12/04/2010,,,,
17968,9.22,2,07/07/2010,,,,
17969,76.96,5,05/10/2010,,,,
17974,29.40,2,24/11/2010,,,,
17975,25.91,2,29/09/2010,,,,
17976,3.75,1,13/01/2010,,,,
17981,10.08,1,23/07/2010,,,,
17984,3.48,1,13/12/2009,,,,
17987,-0.10,2,03/12/2010,,,,
17988,5.60,3,07/11/2010,,,,
17990,83.70,2,21/11/2010,,,,
17991,13.90,1,12/10/2010,,,,
17992,0.84,1,07/10/2010,,,,
17993,2.50,1,13/08/2010,,,,
17994,66.80,3,18/10/2010,,,,
17995,1.95,1,03/10/2010,,,,
17999,3.80,1,19/08/2010,,,,
18001,3.40,1,16/02/2010,,,,
18002,25.10,2,28/09/2010,,,,
18008,15.05,2,19/11/2010,,,,
18009,38.20,3,17/10/2010,,,,
18011,8.70,2,22/11/2010,,,,
18012,3.30,1,11/12/2009,,,,
18021,26.35,1,09/12/2010,,,,
18022,16.80,3,29/10/2010,,,,
18025,20.90,3,25/11/2010,,,,
18026,7.95,1,26/09/2010,,,,
18029,7.80,1,06/05/2010,,,,
18034,20.87,1,01/12/2010,,,,
18036,5.50,2,02/11/2010,,,,
18039,1.95,1,13/04/2010,,,,
18041,97.76,6,14/11/2010,,,,
18043,0.63,1,20/10/2010,,,,
18044,45.15,3,23/11/2010,,,,
18050,17.70,1,05/10/2010,,,,
18051,20.28,1,20/08/2010,,,,
18055,59.55,2,21/11/2010,,,,
18057,15.30,1,29/06/2010,,,,
18058,10.20,1,08/10/2010,,,,
18060,51.00,2,18/08/2010,,,,
18061,70.50,2,01/06/2010,,,,
18062,52.20,2,27/07/2010,,,,
18064,20.40,1,10/12/2009,,,,
18065,150.75,4,31/08/2010,,,,
18069,71.80,4,22/11/2010,,,,
18070,59.50,1,28/11/2010,,,,
18071,15.00,1,22/01/2010,,,,
18074,129.30,1,10/10/2010,,,,
18075,56.10,3,19/04/2010,,,,
18077,59.70,4,09/12/2010,,,,
18078,5.90,2,05/11/2010,,,,
18083,13.17,1,02/09/2010,,,,
18084,17.70,1,12/05/2010,,,,
18090,5.45,1,04/06/2010,,,,
18091,15.00,1,06/10/2010,,,,
18096,10.15,2,28/04/2010,,,,
18100,30.15,1,03/06/2010,,,,
18102,"6,165.30",8,09/12/2010,,,,
18106,17.95,3,06/12/2010,,,,
18109,16.55,3,19/11/2010,,,,
18110,35.40,1,06/06/2010,,,,
18111,30.45,1,22/01/2010,,,,
18112,5.10,1,10/06/2010,,,,
18116,17.25,2,18/11/2010,,,,
18118,7.04,3,20/09/2010,,,,
18128,5.00,1,09/08/2010,,,,
18132,7.99,1,06/09/2010,,,,
18140,25.50,1,07/12/2010,,,,
18145,44.10,3,03/12/2010,,,,
18149,44.87,2,24/10/2010,,,,
18154,15.00,1,14/12/2009,,,,
18156,8.93,1,06/06/2010,,,,
18162,4.25,1,17/09/2010,,,,
18163,31.80,1,14/07/2010,,,,
18168,21.00,1,29/10/2010,,,,
18170,111.10,2,14/07/2010,,,,
18171,37.50,1,21/11/2010,,,,
18172,206.10,7,08/12/2010,,,,
18178,42.98,2,02/11/2010,,,,
18181,18.64,3,18/08/2010,,,,
18182,19.80,1,07/10/2010,,,,
18188,15.00,1,30/04/2010,,,,
18189,17.70,1,28/03/2010,,,,
18193,32.55,1,29/11/2010,,,,
18196,10.11,2,16/04/2010,,,,
18199,33.15,1,01/12/2010,,,,
18214,5.90,1,19/04/2010,,,,
18215,17.70,1,14/05/2010,,,,
18219,39.02,3,02/12/2010,,,,
18220,175.20,1,03/08/2010,,,,
18221,15.00,1,08/09/2010,,,,
18223,94.95,6,28/11/2010,,,,
18225,269.65,5,13/10/2010,,,,
18226,147.40,4,29/11/2010,,,,
18229,55.80,1,08/11/2010,,,,
18230,60.75,2,22/11/2010,,,,
18231,44.35,4,21/11/2010,,,,
18238,28.50,1,09/11/2010,,,,
18239,57.60,2,03/10/2010,,,,
18241,15.00,1,26/07/2010,,,,
18242,65.70,3,07/12/2010,,,,
18244,17.00,1,03/10/2010,,,,
18245,146.49,5,19/10/2010,,,,
18251,673.65,3,19/11/2010,,,,
18257,69.45,2,12/11/2010,,,,
18258,38.25,1,07/07/2010,,,,
18259,25.20,1,23/06/2010,,,,
18260,102.30,4,11/11/2010,,,,
18262,24.12,1,17/09/2010,,,,
18264,15.00,1,01/04/2010,,,,
18267,19.80,1,04/02/2010,,,,
18272,33.82,1,31/08/2010,,,,
18276,15.00,1,23/03/2010,,,,
18283,24.55,3,17/08/2010,,,,
18284,17.00,1,06/07/2010,,,,
18285,204.00,1,07/10/2010,,,,
18286,37.20,1,27/10/2010,,,,
Grand Total,"163,728.53",5684,09/12/2010,,,,
,,,,,,,
,,,,,,,
,,,,,,,
,,,,,,,
Description,SUM of Quantity,,,,,,
COLOUR GLASS. STAR T-LIGHT HOLDER,"-1,155",,,,,,
LOVE GARLAND PAINTED ZINC,-576,,,,,,
FIRST CLASS HOLIDAY PURSE,-300,,,,,,
SILVER DIAMANTE PEN IN GIFT BOX,-96,,,,,,
WOODEN SCHOOL COLOURING SET,-72,,,,,,
STRAWBERRY CHARLOTTE BAG,-49,,,,,,
BEACH HUT PHOTO FRAME,-48,,,,,,
DOCTOR'S BAG SOFT TOY,-40,,,,,,
PENS ASSORTED SPACEBALL,-36,,,,,,
ASSORTED MINI MADRAS NOTEBOOK,-24,,,,,,
BIG DOUGHNUT FRIDGE MAGNETS,-24,,,,,,
LARGE CIRCULAR MIRROR MOBILE,-24,,,,,,
PACK OF 12 TRADITIONAL CRAYONS,-24,,,,,,
PARTY PIZZA DISH RED RETROSPOT,-24,,,,,,
WHITE CHERRY LIGHTS,-22,,,,,,
BAKING SET SPACEBOY DESIGN,-20,,,,,,
STRAWBERRY CERAMIC TRINKET BOX,-18,,,,,,
HANGING HEART JAR T-LIGHT HOLDER,-14,,,,,,
4 IVORY DINNER CANDLES SILVER FLOCK,-12,,,,,,
CHILDS GARDEN BRUSH PINK,-12,,,,,,
CHRISTMAS RETROSPOT HEART WOOD,-12,,,,,,
COOK WITH WINE METAL SIGN,-12,,,,,,
HANGING PHOTO CLIP ROPE LADDER,-12,,,,,,
LADLE LOVE HEART PINK,-12,,,,,,
ROBOT BIRTHDAY CARD,-12,,,,,,
SET OF 36 PAISLEY FLOWER DOILIES,-12,,,,,,
SET/20 RED SPOTTY PAPER NAPKINS,-12,,,,,,
SET/6 STRAWBERRY PAPER CUPS,-12,,,,,,
TRADITIONAL CHRISTMAS RIBBONS,-12,,,,,,
UNION JACK HOT WATER BOTTLE,-12,,,,,,
PINK CREAM FELT CRAFT TRINKET BOX,-11,,,,,,
JUMBO SHOPPER VINTAGE RED PAISLEY,-10,,,,,,
LARGE POPCORN HOLDER,-10,,,,,,
ASSORTED COLOUR SILK COIN PURSE,-9,,,,,,
BAKING SET 9 PIECE RETROSPOT,-8,,,,,,
CREAM HEART CARD HOLDER,-8,,,,,,
PINK POLKADOT CUP,-8,,,,,,
POTTING SHED TEA MUG,-8,,,,,,
RED RETROSPOT MUG,-8,,,,,,
LOVE BUILDING BLOCK WORD,-7,,,,,,
PINK CHERRY LIGHTS,-7,,,,,,
S/4 PINK FLOWER CANDLES IN BOWL,-7,,,,,,
COFFEE MUG DOG + BALL DESIGN,-6,,,,,,
GREY FLORAL FELTCRAFT SHOULDER BAG,-6,,,,,,
MEASURING TAPE BABUSHKA BLUE,-6,,,,,,
POTTING SHED COFFEE MUG,-6,,,,,,
SET OF 6 SPICE TINS PANTRY DESIGN,-6,,,,,,
SET OF 9 BLACK SKULL BALLOONS,-6,,,,,,
TOY TIDY SPACEBOY,-6,,,,,,
CAKE STAND LOVEBIRD 2 TIER WHITE,-5,,,,,,
GREEN CHERRY LIGHTS,-5,,,,,,
YELLOW EASTER EGG HUNT START POST,-5,,,,,,
BLUE FLOCK GLASS CANDLEHOLDER,-4,,,,,,
CERAMIC CAKE STAND + HANGING CAKES,-4,,,,,,
CHARLIE & LOLA WASTEPAPER BIN FLORA,-4,,,,,,
GOLD WINE GOBLET,-4,,,,,,
IVORY GIANT GARDEN THERMOMETER,-4,,,,,,
PICNIC BASKET WICKER LARGE,-4,,,,,,
SET 12 KIDS COLOUR CHALK STICKS,-4,,,,,,
SET OF 6 T-LIGHTS WEDDING CAKE,-4,,,,,,
SET/5 RED SPOTTY LID GLASS BOWLS,-4,,,,,,
WOOD 2 DRAWER CABINET WHITE FINISH,-4,,,,,,
BATH BUILDING BLOCK WORD,-3,,,,,,
DAIRY MAID SUGAR JAM BOWL,-3,,,,,,
DELUXE SEWING KIT,-3,,,,,,
EMBOSSED GLASS TEALIGHT HOLDER,-3,,,,,,
GLASS JAR MARMALADE,-3,,,,,,
GOLD CHERRY LIGHTS,-3,,,,,,
Manual,-3,,,,,,
RED SPOTTY ROUND CAKE TINS,-3,,,,,,
RETRO SPOT TRADITIONAL TEAPOT,-3,,,,,,
RETROSPOT CHILDRENS APRON,-3,,,,,,
RETROSPOT HEART HOT WATER BOTTLE,-3,,,,,,
WHEELBARROW FOR CHILDREN,-3,,,,,,
WOODLAND CHARLOTTE BAG,-3,,,,,,
CAKE STAND WHITE TWO TIER LACE,-2,,,,,,
COFFEE MUG APPLES DESIGN,-2,,,,,,
GLASS BEURRE DISH,-2,,,,,,
GOLD JEWELERY BOX,-2,,,,,,
JUMBO BAG RED RETROSPOT,-2,,,,,,
LARGE CAKE STAND HANGING STRAWBERY,-2,,,,,,
MOROCCAN TEA GLASS,-2,,,,,,
RECIPE BOX RETROSPOT,-2,,,,,,
RED RETROSPOT CAKE STAND,-2,,,,,,
RED RETROSPOT STORAGE JAR,-2,,,,,,
RED RETROSPOT UMBRELLA,-2,,,,,,
RETRO SPOT CERAMIC TOASTRACK,-2,,,,,,
RETRO SPOT LARGE MILK JUG,-2,,,,,,
SET OF 3 COLOURED FLYING DUCKS,-2,,,,,,
SQUARE MIRROR CURTAIN,-2,,,,,,
SWEETHEART KEY CABINET,-2,,,,,,
TWO DOOR CURIO CABINET,-2,,,,,,
WHITE BEADED GARLAND STRING 20LIGHT,-2,,,,,,
WOODEN BOX ADVENT CALENDAR,-2,,,,,,
3 HOOK PHOTO SHELF ANTIQUE WHITE,-1,,,,,,
AIRLINE BAG VINTAGE JET SET RED,-1,,,,,,
ANTIQUE LILY FAIRY LIGHTS,-1,,,,,,
ASSORTED TUTTI FRUTTI SMALL PURSE,-1,,,,,,
BLACK CHERRY LIGHTS,-1,,,,,,
BLACK/WHITE GLASS/SILVER BRACELET,-1,,,,,,
BLUE YELLOW FLOWER PIGGY BANK,-1,,,,,,
CAMOUFLAGE LED TORCH,-1,,,,,,
CHERRY BLOSSOM DECORATIVE FLASK,-1,,,,,,
CREAM SWEETHEART WALL CABINET,-1,,,,,,
Discount,-1,,,,,,
DOORSTOP RETROSPOT HEART,-1,,,,,,
EASTER DECORATION SITTING BUNNY,-1,,,,,,
EAU DE NIL DINER WALL CLOCK,-1,,,,,,
ENAMEL FLOWER JUG CREAM,-1,,,,,,
FAMILY PHOTO FRAME CORNICE,-1,,,,,,
FLAMINGO LIGHTS,-1,,,,,,
GLASS CHALICE GREEN LARGE,-1,,,,,,
GLASS JAR ENGLISH CONFECTIONERY,-1,,,,,,
GOLD WASHBAG,-1,,,,,,
HAND WARMER OWL DESIGN,-1,,,,,,
HEART SHAPE WIRELESS DOORBELL,-1,,,,,,
HOME BUILDING BLOCK WORD,-1,,,,,,
HOT BATHS METAL SIGN,-1,,,,,,
JOY WOODEN BLOCK LETTERS,-1,,,,,,
JUMBO BAG RED WHITE SPOTTY,-1,,,,,,
KINGS CHOICE BISCUIT TIN,-1,,,,,,
LUNCH BAG SUKI DESIGN,-1,,,,,,
PHARMACIE FIRST AID TIN,-1,,,,,,
PINK POLKADOT KIDS BAG,-1,,,,,,
PINK SMALL GLASS CAKE STAND,-1,,,,,,
PLASTERS IN TIN SPACEBOY,-1,,,,,,
"POPCORN HOLDER , LARGE",-1,,,,,,
RED METAL BEACH SPADE,-1,,,,,,
RED RETROSPOT TRADITIONAL TEAPOT,-1,,,,,,
RED SPOTTY PEG BAG,-1,,,,,,
RED/CREAM STRIPE FRINGE HAMMOCK,-1,,,,,,
RETRO PLASTIC ELEPHANT TRAY,-1,,,,,,
RETRO SPOT STORAGE JAR,-1,,,,,,
SET/3 RUSSIAN DOLL STACKING TINS,-1,,,,,,
SET/4 BLUE FLOWER CANDLES IN BOWL,-1,,,,,,
SILVER CHRISTMAS TREE BAUBLE STAND,-1,,,,,,
SLATE TILE NATURAL HANGING,-1,,,,,,
STRAWBERRY CANDY BAG,-1,,,,,,
STRAWBERRY FAIRY CAKE TEAPOT,-1,,,,,,
STRING OF 20 ROSE LIGHTS,-1,,,,,,
SWEETHEART CAKESTAND 3 TIER,-1,,,,,,
VINTAGE CARAVAN GREETING CARD,-1,,,,,,
VINTAGE UNION JACK PENNANT,-1,,,,,,
WOODEN CROQUET GARDEN SET,-1,,,,,,
WOODEN FRAME ANTIQUE WHITE,-1,,,,,,
Grand Total,"-3,036",,,,,,
,,,,,,,
,,,,,,,
,,,,,,,
,,,,,,,
,,,,,,,
Country,SUM of Total_Value,,,,,,
United Kingdom,"141,829.36",,,,,,
EIRE,"4,888.92",,,,,,
Netherlands,"4,321.70",,,,,,
Germany,"4,209.32",,,,,,
France,"2,769.00",,,,,,
Switzerland,963.01,,,,,,
Sweden,677.10,,,,,,
Denmark,669.28,,,,,,
Channel Islands,623.66,,,,,,
Belgium,474.35,,,,,,
Portugal,445.70,,,,,,
Greece,331.65,,,,,,
Austria,304.40,,,,,,
Japan,276.88,,,,,,
Cyprus,255.00,,,,,,
Norway,221.40,,,,,,
Italy,176.25,,,,,,
Malta,135.54,,,,,,
Australia,129.49,,,,,,
Unspecified,123.90,,,,,,
Lithuania,88.35,,,,,,
Iceland,78.38,,,,,,
USA,64.77,,,,,,
Singapore,63.90,,,,,,
Thailand,55.50,,,,,,
Poland,50.76,,,,,,
Finland,37.82,,,,,,
United Arab Emirates,35.40,,,,,,
West Indies,25.50,,,,,,
Bahrain,19.80,,,,,,
Korea,16.80,,,,,,
RSA,13.20,,,,,,
Nigeria,13.20,,,,,,
Brazil,2.10,,,,,,
,0.00,,,,,,
Spain,-662.86,,,,,,
Grand Total,"163,728.53",,,,,,